id,label
8476,FAKE
10294,REAL
3608,REAL
10142,REAL
875,REAL
6903,REAL
7341,REAL
95,FAKE
4869,FAKE
2909,FAKE
1357,REAL
988,REAL
7041,FAKE
7623,FAKE
1571,REAL
4739,REAL
7737,FAKE
8716,REAL
3304,REAL
3078,FAKE
2517,REAL
10348,FAKE
778,REAL
3300,REAL
6155,FAKE
636,REAL
755,REAL
626,REAL
691,FAKE
5743,FAKE
1787,REAL
7808,FAKE
6484,FAKE
7385,FAKE
9016,REAL
9324,FAKE
8983,REAL
8965,FAKE
5580,FAKE
9757,FAKE
1967,REAL
431,FAKE
5955,FAKE
7455,REAL
5224,REAL
7793,REAL
2777,REAL
587,FAKE
9403,FAKE
5931,FAKE
3027,REAL
4377,REAL
5937,REAL
7277,FAKE
5521,FAKE
3627,REAL
9360,FAKE
909,REAL
6646,REAL
1522,FAKE
7540,REAL
1834,REAL
1775,REAL
8212,FAKE
3363,REAL
1084,FAKE
4410,FAKE
2669,FAKE
3648,FAKE
6197,FAKE
596,REAL
6061,FAKE
1569,REAL
1178,REAL
9545,FAKE
1506,REAL
1641,REAL
139,REAL
7744,FAKE
8177,FAKE
4134,REAL
917,REAL
3854,FAKE
7049,REAL
3343,FAKE
4348,REAL
3424,REAL
1718,FAKE
143,REAL
930,REAL
1661,REAL
7801,FAKE
10232,FAKE
1360,REAL
3635,FAKE
8290,FAKE
6227,FAKE
3255,REAL
3177,REAL
2832,REAL
4294,FAKE
5316,REAL
1524,REAL
2974,FAKE
3364,FAKE
4933,REAL
5530,FAKE
7680,REAL
10490,REAL
9413,FAKE
4880,REAL
3512,REAL
8685,REAL
6763,FAKE
7730,FAKE
2546,REAL
2596,FAKE
7362,REAL
7513,FAKE
1475,REAL
2232,FAKE
6247,REAL
127,REAL
6025,REAL
10122,REAL
4979,REAL
1700,REAL
9398,REAL
10427,FAKE
7099,REAL
4500,FAKE
8013,REAL
2199,REAL
4943,REAL
10092,REAL
9121,REAL
8122,FAKE
8988,FAKE
2115,REAL
8682,FAKE
6350,REAL
4597,REAL
7818,FAKE
677,REAL
6408,FAKE
3004,REAL
8357,FAKE
10511,REAL
8322,FAKE
6212,FAKE
172,REAL
6920,FAKE
9468,FAKE
6460,REAL
5202,FAKE
6809,FAKE
2802,REAL
1329,REAL
4114,REAL
6527,FAKE
4354,REAL
3138,FAKE
9447,FAKE
7256,FAKE
421,FAKE
7228,FAKE
2850,REAL
7628,FAKE
8918,FAKE
51,REAL
7711,FAKE
9295,REAL
7474,FAKE
186,REAL
7661,FAKE
7443,FAKE
3700,REAL
8210,FAKE
5040,REAL
9756,FAKE
2305,REAL
2228,REAL
3008,FAKE
6851,FAKE
3872,REAL
1884,REAL
4239,REAL
3282,REAL
9239,REAL
4532,REAL
4130,FAKE
6815,FAKE
599,REAL
4577,REAL
7154,FAKE
7757,FAKE
1934,REAL
9557,FAKE
5297,FAKE
5075,REAL
2076,REAL
8142,FAKE
4714,REAL
6176,FAKE
9402,REAL
6948,FAKE
4911,REAL
9991,FAKE
10555,REAL
8549,FAKE
2834,REAL
6035,FAKE
2281,REAL
9134,FAKE
6407,FAKE
1938,REAL
1255,REAL
4618,REAL
3602,FAKE
6841,FAKE
8756,FAKE
5918,FAKE
384,REAL
4492,FAKE
2432,REAL
5307,REAL
8484,FAKE
9948,FAKE
2916,REAL
6058,FAKE
4713,REAL
8767,REAL
4217,REAL
1770,REAL
9394,FAKE
8428,FAKE
3427,REAL
658,REAL
10357,REAL
4865,FAKE
4031,FAKE
10257,REAL
2586,REAL
4045,FAKE
4632,REAL
71,REAL
7577,FAKE
1108,REAL
9485,FAKE
4701,FAKE
4929,FAKE
6698,FAKE
667,FAKE
8516,FAKE
3382,FAKE
10048,FAKE
5199,REAL
1809,REAL
5724,REAL
2812,REAL
4666,REAL
7892,FAKE
9935,FAKE
6810,FAKE
5847,FAKE
7815,FAKE
10183,FAKE
6768,FAKE
10203,FAKE
4808,REAL
9953,REAL
9625,FAKE
4411,REAL
1754,FAKE
6872,FAKE
854,FAKE
3137,FAKE
8643,FAKE
2010,REAL
9265,REAL
1109,REAL
3592,REAL
5468,REAL
9044,FAKE
6203,FAKE
6316,REAL
3147,REAL
4318,FAKE
1905,FAKE
4051,FAKE
3852,REAL
6850,FAKE
205,REAL
6327,REAL
6442,FAKE
3326,FAKE
2968,REAL
3107,REAL
1284,REAL
2989,FAKE
6801,FAKE
3866,FAKE
9196,FAKE
4796,FAKE
9676,FAKE
961,REAL
273,REAL
3398,REAL
10194,REAL
263,REAL
1242,REAL
2840,REAL
8772,FAKE
6862,REAL
6871,FAKE
7391,FAKE
1570,REAL
2463,REAL
4469,REAL
2507,FAKE
9283,REAL
8646,FAKE
6784,FAKE
1610,REAL
9508,FAKE
4107,REAL
3474,FAKE
8197,FAKE
1181,FAKE
624,FAKE
5575,REAL
2042,REAL
8114,FAKE
10246,FAKE
9029,REAL
1680,FAKE
2874,FAKE
6448,REAL
8294,REAL
5244,REAL
7338,FAKE
5926,FAKE
5914,FAKE
3888,REAL
763,REAL
739,REAL
9961,FAKE
1338,REAL
5258,REAL
4053,REAL
2678,FAKE
3495,FAKE
4930,FAKE
4904,REAL
6391,FAKE
3146,FAKE
4489,REAL
9521,REAL
4454,REAL
4708,FAKE
9340,FAKE
8145,REAL
1461,FAKE
440,REAL
7844,REAL
3851,FAKE
334,REAL
7928,FAKE
9168,REAL
6455,FAKE
3767,FAKE
6135,FAKE
5215,REAL
5207,FAKE
10021,REAL
5035,FAKE
3103,REAL
6775,FAKE
8263,FAKE
1376,REAL
6494,FAKE
1510,REAL
356,REAL
8521,REAL
5722,REAL
2683,FAKE
8340,REAL
4020,FAKE
7006,FAKE
3226,REAL
6287,REAL
7119,FAKE
3375,REAL
3106,FAKE
6804,REAL
5352,REAL
2339,FAKE
7771,REAL
2422,REAL
1597,REAL
4261,REAL
2640,REAL
10454,FAKE
4477,REAL
5184,REAL
4648,REAL
3144,FAKE
1784,REAL
9814,FAKE
800,REAL
1518,REAL
6429,REAL
3938,FAKE
3638,FAKE
6918,FAKE
9825,FAKE
7713,FAKE
1829,REAL
6995,FAKE
2845,FAKE
317,REAL
3302,REAL
9645,FAKE
9251,FAKE
8146,FAKE
9722,REAL
162,REAL
151,FAKE
6170,REAL
2714,REAL
3327,REAL
4147,FAKE
751,REAL
3993,FAKE
3664,FAKE
5438,FAKE
6329,REAL
4455,REAL
9769,FAKE
235,FAKE
4359,FAKE
2462,FAKE
7877,REAL
5305,REAL
8824,FAKE
9453,REAL
4289,REAL
5434,FAKE
6665,FAKE
743,REAL
9554,FAKE
8925,FAKE
5061,REAL
7953,FAKE
1146,FAKE
6588,FAKE
9586,REAL
6299,FAKE
10314,REAL
9648,FAKE
9437,REAL
9444,REAL
1027,REAL
9560,FAKE
5237,REAL
8133,FAKE
4122,REAL
266,REAL
10548,REAL
2551,REAL
10363,FAKE
5060,REAL
5183,REAL
2822,REAL
4305,REAL
1786,REAL
5685,FAKE
2057,REAL
6128,REAL
7303,FAKE
4601,REAL
8367,FAKE
1996,FAKE
4267,FAKE
3077,FAKE
2376,REAL
9553,FAKE
2570,REAL
4375,REAL
6917,FAKE
781,FAKE
7811,FAKE
7529,FAKE
8353,REAL
10250,REAL
2619,FAKE
8696,FAKE
9749,FAKE
693,REAL
4621,FAKE
7253,REAL
5869,REAL
1118,FAKE
6369,FAKE
7701,FAKE
5223,REAL
6113,FAKE
9696,FAKE
10124,FAKE
9390,FAKE
217,REAL
2634,REAL
3134,FAKE
8552,FAKE
1590,REAL
704,REAL
7863,FAKE
3982,REAL
8614,FAKE
3140,REAL
1423,REAL
10518,FAKE
3828,FAKE
9231,REAL
8088,FAKE
1722,FAKE
9307,REAL
1479,REAL
992,REAL
8483,FAKE
1343,FAKE
10531,REAL
5330,REAL
187,FAKE
5209,REAL
6975,REAL
9618,FAKE
4883,REAL
4750,REAL
7589,FAKE
9640,REAL
8059,FAKE
8692,REAL
5020,REAL
1171,REAL
9614,FAKE
7147,FAKE
764,REAL
10396,FAKE
1819,REAL
569,REAL
4770,FAKE
10442,FAKE
1920,REAL
4431,REAL
1675,REAL
5057,FAKE
9738,REAL
7410,REAL
5551,FAKE
8648,FAKE
9968,FAKE
6818,REAL
188,REAL
5028,REAL
3,REAL
7103,REAL
4561,FAKE
7938,FAKE
4145,REAL
479,REAL
6132,FAKE
6865,FAKE
2532,FAKE
7986,FAKE
6622,REAL
4246,REAL
9785,FAKE
708,REAL
5485,FAKE
9748,REAL
4563,FAKE
6351,FAKE
944,REAL
9652,FAKE
821,REAL
6893,FAKE
7831,FAKE
5114,REAL
4630,FAKE
3887,FAKE
9253,FAKE
8577,REAL
10130,FAKE
500,FAKE
10391,REAL
2497,REAL
9742,FAKE
7946,REAL
6939,FAKE
7317,FAKE
2837,FAKE
6814,REAL
5871,FAKE
3870,FAKE
868,REAL
1115,REAL
6863,REAL
449,FAKE
2768,FAKE
10300,FAKE
9765,FAKE
9569,FAKE
3855,REAL
6220,FAKE
5849,FAKE
1318,REAL
972,REAL
109,FAKE
2691,FAKE
5772,FAKE
4397,REAL
8902,FAKE
2052,FAKE
5760,FAKE
7169,FAKE
7966,FAKE
605,FAKE
6895,FAKE
819,REAL
9302,FAKE
9565,REAL
1883,REAL
3682,REAL
5826,FAKE
5190,REAL
2139,REAL
6437,FAKE
7588,FAKE
9443,REAL
2646,REAL
1604,FAKE
1424,FAKE
6745,FAKE
7314,FAKE
10056,REAL
4484,REAL
9835,FAKE
6787,FAKE
1297,REAL
5821,REAL
6752,FAKE
8524,REAL
2732,REAL
4088,FAKE
578,REAL
1723,REAL
7047,FAKE
10133,REAL
3256,REAL
2786,FAKE
9930,REAL
4514,FAKE
1612,FAKE
1951,REAL
9189,REAL
5105,FAKE
5401,FAKE
2987,FAKE
1653,REAL
10061,FAKE
6323,FAKE
6742,FAKE
5891,REAL
462,REAL
2102,FAKE
6074,FAKE
1530,FAKE
2588,REAL
6982,FAKE
7498,FAKE
10060,FAKE
9093,FAKE
4797,REAL
5134,REAL
1535,FAKE
5128,REAL
4126,REAL
9102,REAL
7132,REAL
1222,REAL
2005,REAL
9514,FAKE
7940,REAL
3081,REAL
324,REAL
5482,REAL
10241,FAKE
9364,REAL
7276,FAKE
17,REAL
7789,FAKE
8906,FAKE
10522,FAKE
1005,REAL
9397,REAL
4050,FAKE
419,REAL
3897,FAKE
3761,REAL
8332,FAKE
4197,REAL
193,FAKE
8974,FAKE
9008,REAL
1014,REAL
126,FAKE
1857,REAL
1059,FAKE
7236,FAKE
10001,FAKE
3456,REAL
9613,FAKE
6972,FAKE
5728,FAKE
7166,REAL
9965,REAL
7264,REAL
2211,FAKE
8421,FAKE
5177,REAL
5185,REAL
7433,FAKE
5682,REAL
5082,REAL
8594,REAL
2086,REAL
4844,FAKE
10152,REAL
4494,REAL
7913,REAL
2222,FAKE
9275,FAKE
5413,REAL
7742,REAL
8651,FAKE
3566,FAKE
9381,REAL
6837,FAKE
2624,FAKE
9771,FAKE
6474,REAL
1066,FAKE
7217,FAKE
825,FAKE
9701,FAKE
5445,FAKE
2706,REAL
2574,FAKE
4996,REAL
3764,REAL
7313,REAL
8956,REAL
6551,FAKE
3168,REAL
3494,REAL
9014,REAL
6552,FAKE
5325,FAKE
131,REAL
7038,FAKE
6728,FAKE
3073,REAL
4047,FAKE
5484,FAKE
5083,REAL
8039,FAKE
6936,FAKE
10028,REAL
4027,FAKE
4587,REAL
9242,FAKE
9623,FAKE
6159,REAL
6367,FAKE
497,FAKE
1532,REAL
6090,FAKE
4696,FAKE
6210,REAL
8283,REAL
3821,FAKE
7271,FAKE
2519,REAL
9917,FAKE
7524,FAKE
9913,FAKE
806,FAKE
6633,FAKE
5236,REAL
8389,FAKE
9487,FAKE
8326,FAKE
7381,FAKE
7216,FAKE
1994,REAL
9314,FAKE
5329,FAKE
4070,REAL
612,FAKE
5089,FAKE
10270,FAKE
8752,FAKE
1162,REAL
4052,FAKE
7114,FAKE
10444,FAKE
7146,REAL
5538,FAKE
2004,REAL
9804,FAKE
911,FAKE
8376,FAKE
7090,REAL
5146,REAL
10,REAL
8505,FAKE
2893,FAKE
4434,REAL
814,FAKE
9432,REAL
7677,REAL
7095,FAKE
6859,REAL
2036,REAL
7305,REAL
10453,REAL
90,REAL
5546,FAKE
3559,FAKE
7425,REAL
6880,FAKE
1241,REAL
9998,REAL
6830,FAKE
7000,FAKE
8417,REAL
8422,FAKE
10439,FAKE
4806,FAKE
7667,REAL
4398,REAL
8032,FAKE
756,REAL
7304,REAL
3386,FAKE
10501,FAKE
4178,REAL
1845,REAL
3032,FAKE
8938,FAKE
6600,FAKE
5612,REAL
2905,REAL
2593,REAL
3837,REAL
10113,FAKE
3666,REAL
2219,REAL
3848,FAKE
9409,REAL
5268,REAL
7823,FAKE
5596,REAL
4328,REAL
9293,REAL
5142,REAL
7480,REAL
837,REAL
2087,REAL
5547,FAKE
10410,FAKE
2181,REAL
5590,FAKE
5502,FAKE
3247,REAL
7127,REAL
2844,REAL
9169,FAKE
3622,FAKE
5850,REAL
3551,FAKE
8762,FAKE
9428,FAKE
3736,REAL
9535,FAKE
4306,REAL
3974,REAL
6246,REAL
5602,REAL
9303,FAKE
3202,REAL
3466,REAL
1364,REAL
7200,FAKE
1019,REAL
5336,FAKE
9764,REAL
2089,FAKE
2189,REAL
2258,REAL
7375,FAKE
524,REAL
5147,REAL
7014,REAL
1783,REAL
171,FAKE
736,REAL
4283,FAKE
10304,FAKE
3691,REAL
8709,REAL
2627,REAL
2237,REAL
1064,REAL
849,REAL
1802,REAL
7670,FAKE
10462,FAKE
9463,FAKE
10340,FAKE
1875,REAL
62,REAL
3957,FAKE
9525,FAKE
4268,FAKE
8949,REAL
6989,FAKE
7210,FAKE
3215,FAKE
9474,FAKE
1753,REAL
4906,REAL
1235,REAL
4360,REAL
9977,REAL
6167,FAKE
4076,REAL
9019,FAKE
347,REAL
2921,FAKE
3002,FAKE
7484,FAKE
3067,FAKE
2912,REAL
6432,REAL
5088,REAL
602,FAKE
8181,FAKE
8635,FAKE
3173,FAKE
4689,REAL
4327,REAL
10179,FAKE
2084,REAL
5671,FAKE
8497,REAL
5673,FAKE
6319,FAKE
1155,REAL
486,FAKE
2735,REAL
5812,FAKE
7222,REAL
7223,FAKE
3809,FAKE
2386,REAL
7922,REAL
8397,FAKE
8525,FAKE
9232,FAKE
4370,FAKE
10247,REAL
7345,FAKE
2018,REAL
6672,FAKE
3641,REAL
1556,FAKE
322,REAL
5408,REAL
10372,FAKE
2797,REAL
1224,REAL
5439,REAL
5623,FAKE
8473,REAL
5606,FAKE
5753,FAKE
2775,REAL
10085,REAL
6057,FAKE
5544,REAL
144,REAL
750,REAL
72,FAKE
7363,FAKE
3946,FAKE
1006,REAL
3506,FAKE
8560,FAKE
9097,FAKE
9780,FAKE
639,FAKE
5899,REAL
4207,FAKE
7590,FAKE
7587,FAKE
382,REAL
6433,REAL
5751,REAL
1471,REAL
10557,FAKE
5313,FAKE
9927,FAKE
4842,FAKE
2877,REAL
2241,FAKE
2186,REAL
4759,FAKE
402,REAL
2421,FAKE
10441,FAKE
7732,REAL
1791,FAKE
2863,REAL
9848,REAL
8082,FAKE
10457,FAKE
1983,REAL
4429,REAL
6970,REAL
5939,FAKE
10016,REAL
9203,FAKE
1020,REAL
4030,FAKE
1760,REAL
5585,FAKE
5701,REAL
3777,REAL
10394,FAKE
7635,FAKE
1742,REAL
7258,FAKE
244,REAL
2806,FAKE
1734,REAL
4629,REAL
6722,FAKE
8590,REAL
9375,REAL
1190,REAL
10420,FAKE
5176,FAKE
1039,REAL
4786,REAL
3859,FAKE
6223,FAKE
4459,REAL
3727,REAL
1630,REAL
3750,REAL
3829,REAL
7560,REAL
3127,REAL
1902,REAL
908,REAL
7426,REAL
5674,REAL
8699,FAKE
68,REAL
8773,FAKE
8933,REAL
1280,REAL
6017,FAKE
3303,REAL
10534,REAL
6754,REAL
3788,REAL
1980,REAL
7438,FAKE
2291,FAKE
2995,FAKE
9723,FAKE
7180,FAKE
8801,FAKE
2162,REAL
4709,REAL
8640,FAKE
1386,REAL
10042,FAKE
5569,FAKE
3856,REAL
1785,FAKE
8396,FAKE
5113,FAKE
5903,REAL
2526,REAL
2445,REAL
1326,REAL
8265,FAKE
4523,FAKE
8527,REAL
9205,REAL
5513,FAKE
9964,REAL
2434,FAKE
6616,FAKE
1126,REAL
5793,FAKE
7209,FAKE
7015,FAKE
4718,REAL
8715,FAKE
9089,REAL
4804,FAKE
10101,FAKE
2938,FAKE
5165,REAL
6905,FAKE
8024,FAKE
4542,REAL
4373,REAL
1204,REAL
4676,REAL
1247,REAL
3991,FAKE
7526,FAKE
9615,REAL
4922,FAKE
6609,REAL
10509,REAL
2527,REAL
4830,REAL
6886,FAKE
957,REAL
6541,REAL
1079,FAKE
7221,REAL
3529,REAL
8507,REAL
9824,FAKE
3209,FAKE
3124,REAL
4016,FAKE
6632,FAKE
7794,REAL
10538,FAKE
9280,FAKE
2946,FAKE
8336,FAKE
8883,REAL
3869,REAL
6887,FAKE
2611,REAL
9119,FAKE
3904,FAKE
292,REAL
7325,FAKE
2216,REAL
10529,REAL
4686,REAL
22,REAL
7330,REAL
668,REAL
10036,FAKE
7478,FAKE
2436,REAL
8596,FAKE
701,REAL
3932,FAKE
5195,REAL
9401,FAKE
7854,FAKE
1502,REAL
987,REAL
4292,REAL
10238,FAKE
2413,FAKE
2092,FAKE
9827,REAL
469,REAL
5908,FAKE
2266,REAL
4567,FAKE
4732,REAL
6606,FAKE
8927,REAL
7625,FAKE
1929,REAL
6589,REAL
2124,REAL
5755,FAKE
2411,REAL
8919,FAKE
7232,FAKE
6678,FAKE
4407,FAKE
5420,FAKE
7859,REAL
4096,REAL
8550,FAKE
8354,REAL
10549,FAKE
590,REAL
4174,REAL
6949,FAKE
3435,REAL
1602,REAL
8997,FAKE
3112,REAL
926,REAL
9654,FAKE
1777,REAL
10023,REAL
8319,REAL
10378,REAL
7665,REAL
6115,FAKE
7538,REAL
2009,FAKE
4803,FAKE
3778,REAL
6010,REAL
4250,REAL
3428,REAL
2948,FAKE
5560,FAKE
6055,FAKE
1406,REAL
5503,FAKE
666,FAKE
4740,FAKE
9098,REAL
4818,REAL
5085,REAL
8195,FAKE
3524,REAL
6964,REAL
9376,FAKE
9767,FAKE
30,REAL
8655,REAL
973,REAL
9230,REAL
10214,FAKE
8275,FAKE
6547,REAL
900,REAL
1102,REAL
6497,FAKE
8621,FAKE
3454,REAL
9185,FAKE
6012,REAL
4430,FAKE
5212,REAL
8056,REAL
10329,REAL
50,REAL
16,REAL
8208,REAL
7401,REAL
4409,REAL
10120,FAKE
10472,REAL
4736,REAL
10365,REAL
4223,REAL
3826,REAL
8223,REAL
10144,FAKE
4247,FAKE
6178,REAL
3322,REAL
8736,FAKE
10310,FAKE
7666,FAKE
9698,REAL
3410,REAL
5274,FAKE
1167,REAL
551,REAL
9497,FAKE
10404,REAL
2998,FAKE
1047,FAKE
998,REAL
9512,FAKE
9063,FAKE
3179,FAKE
10367,FAKE
7285,REAL
702,REAL
5888,FAKE
5943,REAL
2483,REAL
6398,REAL
6290,REAL
8879,REAL
7864,REAL
10024,FAKE
3317,FAKE
7595,REAL
1437,REAL
6943,FAKE
7354,FAKE
2889,REAL
1499,FAKE
5649,REAL
2843,FAKE
9005,FAKE
159,REAL
9111,FAKE
7294,REAL
899,REAL
2012,REAL
4281,REAL
6389,REAL
9227,FAKE
9183,FAKE
737,FAKE
2680,REAL
3059,FAKE
3981,REAL
5528,REAL
4509,REAL
9261,FAKE
9335,FAKE
4451,FAKE
5727,FAKE
9899,FAKE
8196,FAKE
8391,FAKE
9009,FAKE
2378,REAL
5032,REAL
3058,REAL
7902,FAKE
3380,FAKE
491,FAKE
7399,FAKE
10429,FAKE
9529,REAL
4157,REAL
8077,REAL
6683,REAL
9957,FAKE
2650,REAL
5604,FAKE
492,REAL
7760,REAL
2419,FAKE
1705,REAL
1296,REAL
912,FAKE
74,REAL
269,REAL
6093,REAL
3339,FAKE
8830,FAKE
7998,FAKE
3342,FAKE
3769,REAL
156,FAKE
9877,REAL
9328,FAKE
7907,FAKE
8438,REAL
4115,REAL
9166,FAKE
6679,FAKE
4591,FAKE
3759,REAL
3042,REAL
6915,REAL
6106,REAL
9211,FAKE
6410,FAKE
9778,FAKE
6813,FAKE
8398,FAKE
4554,FAKE
2392,FAKE
7042,FAKE
8546,REAL
5081,REAL
8496,FAKE
4116,REAL
3105,REAL
851,REAL
6285,REAL
8523,FAKE
9860,REAL
8971,FAKE
118,REAL
3037,REAL
1546,REAL
345,REAL
8995,FAKE
8369,FAKE
1797,FAKE
9633,FAKE
6608,FAKE
6422,FAKE
2911,FAKE
2133,FAKE
6153,FAKE
7643,FAKE
10212,REAL
4425,FAKE
9495,REAL
23,REAL
6911,FAKE
3812,FAKE
9663,REAL
10318,FAKE
5233,REAL
3284,REAL
3433,FAKE
2492,REAL
3766,REAL
6653,REAL
2047,REAL
10069,FAKE
9216,REAL
2796,REAL
5828,FAKE
4562,FAKE
3793,FAKE
2660,REAL
493,FAKE
9118,REAL
832,REAL
9276,REAL
534,FAKE
2699,REAL
2616,FAKE
6271,FAKE
7636,FAKE
8836,FAKE
967,FAKE
6780,REAL
3030,REAL
8366,FAKE
700,REAL
3463,REAL
6277,FAKE
1627,FAKE
4572,REAL
5895,FAKE
10233,FAKE
184,REAL
7952,FAKE
10010,REAL
7395,FAKE
5581,FAKE
7202,FAKE
8098,REAL
5860,FAKE
8554,FAKE
7377,FAKE
4529,REAL
3693,REAL
5610,REAL
4665,FAKE
4378,REAL
775,REAL
3893,REAL
9588,FAKE
3046,REAL
4188,REAL
9966,REAL
718,REAL
8632,REAL
3701,FAKE
3680,FAKE
1070,REAL
8781,FAKE
2935,REAL
6431,REAL
3048,REAL
2697,REAL
4748,REAL
9264,FAKE
597,REAL
828,REAL
2951,FAKE
416,REAL
5317,REAL
2424,FAKE
931,REAL
3347,FAKE
4779,REAL
7847,REAL
3389,REAL
8999,REAL
4691,REAL
7091,FAKE
6405,FAKE
4789,REAL
101,REAL
10128,FAKE
7564,REAL
5238,REAL
3994,FAKE
9594,REAL
7761,FAKE
8018,REAL
8046,REAL
6008,REAL
9043,REAL
7268,FAKE
981,REAL
1328,REAL
3523,REAL
8244,REAL
2062,REAL
3115,REAL
6558,REAL
141,REAL
6973,FAKE
6729,FAKE
8084,REAL
9620,FAKE
5385,FAKE
5171,FAKE
6974,FAKE
9210,FAKE
5656,FAKE
3575,FAKE
7905,FAKE
3189,FAKE
2949,FAKE
2260,REAL
1636,REAL
9617,FAKE
6048,REAL
2060,REAL
8851,FAKE
6279,FAKE
6479,FAKE
8479,FAKE
6001,REAL
6769,FAKE
9702,FAKE
3415,FAKE
4692,FAKE
5235,REAL
6333,REAL
6499,REAL
9610,REAL
7769,FAKE
6244,FAKE
4837,FAKE
5289,FAKE
8345,FAKE
5280,FAKE
690,FAKE
397,REAL
9190,FAKE
1012,REAL
1133,REAL
8631,REAL
7199,REAL
8373,FAKE
5064,REAL
6607,FAKE
929,FAKE
5614,FAKE
6031,REAL
7084,FAKE
5170,FAKE
7860,REAL
3918,REAL
305,FAKE
6816,FAKE
9724,FAKE
6674,FAKE
10284,FAKE
728,FAKE
3508,FAKE
3315,REAL
5383,REAL
4959,FAKE
5123,REAL
216,REAL
1644,REAL
3156,REAL
4416,REAL
7622,REAL
2953,FAKE
7137,FAKE
7007,REAL
2994,REAL
3626,FAKE
9114,REAL
7746,FAKE
46,FAKE
5680,REAL
5639,REAL
4322,REAL
9165,REAL
351,FAKE
7994,FAKE
6997,REAL
4582,FAKE
7658,FAKE
4999,REAL
8572,FAKE
9776,FAKE
9826,FAKE
7054,REAL
4767,FAKE
6510,FAKE
1453,FAKE
2883,REAL
10252,FAKE
6950,REAL
2785,FAKE
7559,FAKE
698,REAL
7175,REAL
9461,FAKE
9310,FAKE
240,FAKE
8472,REAL
7829,FAKE
9080,REAL
3947,FAKE
7774,FAKE
5522,FAKE
8049,FAKE
4337,REAL
6561,FAKE
7445,FAKE
735,REAL
3325,REAL
277,REAL
7984,REAL
5924,REAL
9038,FAKE
3019,FAKE
8004,REAL
8817,FAKE
3341,REAL
971,REAL
10076,REAL
9278,FAKE
3860,FAKE
7080,REAL
7754,REAL
5664,FAKE
9064,FAKE
5802,FAKE
8695,FAKE
9494,FAKE
2725,FAKE
224,FAKE
6715,REAL
2583,FAKE
8190,REAL
2126,FAKE
8085,FAKE
8171,FAKE
2784,FAKE
604,REAL
2351,REAL
9332,FAKE
8821,REAL
6066,FAKE
3089,FAKE
5854,FAKE
10507,FAKE
8886,REAL
5323,REAL
8960,REAL
8235,FAKE
7079,FAKE
9296,FAKE
8356,REAL
2081,REAL
5648,REAL
4571,REAL
576,FAKE
5006,FAKE
7699,FAKE
4913,REAL
6648,REAL
654,REAL
9116,REAL
3218,REAL
3673,REAL
9473,FAKE
5991,FAKE
2932,FAKE
1831,REAL
4408,FAKE
6743,REAL
9839,FAKE
3927,REAL
7339,FAKE
4625,REAL
4650,FAKE
4565,FAKE
1901,REAL
3634,FAKE
2356,FAKE
9555,FAKE
2270,REAL
7878,REAL
5208,FAKE
94,FAKE
10516,REAL
4909,REAL
5696,REAL
6833,FAKE
5476,REAL
6478,FAKE
8215,FAKE
2518,FAKE
9153,FAKE
7971,FAKE
1042,FAKE
772,REAL
4220,REAL
9564,FAKE
10456,FAKE
6091,FAKE
5214,REAL
6539,FAKE
783,REAL
45,REAL
4286,FAKE
1776,REAL
3240,REAL
779,REAL
189,REAL
8838,REAL
4923,REAL
7160,REAL
2122,FAKE
10211,REAL
4401,FAKE
6703,FAKE
5210,REAL
10116,FAKE
705,REAL
7061,FAKE
6315,FAKE
365,REAL
5876,FAKE
9758,FAKE
1640,REAL
4958,FAKE
10161,REAL
9577,REAL
5440,FAKE
9347,FAKE
8136,REAL
6180,FAKE
9156,FAKE
6573,FAKE
3567,FAKE
1463,FAKE
394,REAL
9798,REAL
5417,REAL
1245,FAKE
5109,FAKE
906,REAL
5098,REAL
5965,REAL
9589,REAL
4995,REAL
8794,FAKE
4871,REAL
10087,FAKE
7157,FAKE
3961,FAKE
368,REAL
9950,REAL
7102,REAL
5125,REAL
5995,FAKE
4855,REAL
5608,REAL
4176,REAL
433,FAKE
1301,REAL
1464,FAKE
985,FAKE
6891,FAKE
10546,FAKE
4966,REAL
4170,REAL
858,FAKE
5901,REAL
6211,FAKE
7810,REAL
9164,REAL
413,REAL
5206,REAL
2632,REAL
1707,FAKE
8343,FAKE
5084,REAL
507,FAKE
9660,FAKE
9234,FAKE
9781,REAL
9818,REAL
2746,REAL
3136,REAL
5416,FAKE
3100,REAL
4462,FAKE
1847,FAKE
1054,REAL
2717,REAL
4164,FAKE
7408,REAL
6216,FAKE
5448,FAKE
5466,FAKE
3949,FAKE
4657,REAL
2811,REAL
10266,REAL
6472,FAKE
3461,REAL
3830,FAKE
14,REAL
7517,FAKE
7783,FAKE
9120,REAL
984,FAKE
9333,REAL
5396,FAKE
962,REAL
9679,FAKE
5752,FAKE
6673,FAKE
4526,REAL
9155,REAL
7520,FAKE
3288,REAL
9262,FAKE
8081,FAKE
7869,REAL
4798,FAKE
9175,FAKE
8307,REAL
2154,FAKE
8895,FAKE
4315,REAL
9680,FAKE
6654,FAKE
6662,REAL
9132,FAKE
10248,REAL
3208,FAKE
7544,REAL
5619,FAKE
932,FAKE
465,REAL
1172,REAL
6183,FAKE
7615,REAL
8948,FAKE
6464,REAL
2868,REAL
198,REAL
8816,FAKE
6341,REAL
9320,FAKE
1134,REAL
5944,REAL
7919,FAKE
7073,FAKE
7494,REAL
8149,FAKE
5291,REAL
1164,REAL
1937,REAL
4516,FAKE
9918,FAKE
6718,FAKE
83,REAL
7962,FAKE
8470,FAKE
1849,REAL
10400,FAKE
3644,FAKE
8684,FAKE
6420,REAL
3827,FAKE
10510,REAL
3741,REAL
8917,REAL
3217,REAL
2897,REAL
7503,FAKE
2221,FAKE
7736,FAKE
8067,REAL
1817,REAL
6094,FAKE
10230,FAKE
8041,REAL
8810,FAKE
1490,FAKE
1168,REAL
2205,FAKE
1153,REAL
9384,REAL
10054,FAKE
1095,FAKE
2401,REAL
8576,REAL
1279,REAL
6196,FAKE
9799,FAKE
5542,FAKE
2825,REAL
7227,FAKE
2304,REAL
1231,FAKE
3715,REAL
9682,REAL
2835,FAKE
7525,FAKE
7086,REAL
7430,REAL
5467,REAL
3933,FAKE
10089,FAKE
4144,FAKE
5464,FAKE
9143,FAKE
4038,FAKE
4608,REAL
9126,FAKE
3501,FAKE
4544,FAKE
7161,REAL
671,REAL
5121,FAKE
60,REAL
7348,FAKE
5587,REAL
10205,REAL
3500,FAKE
6993,REAL
6489,REAL
1892,REAL
405,REAL
7252,REAL
6404,FAKE
2214,REAL
6490,REAL
5019,REAL
3576,REAL
3762,REAL
861,FAKE
5282,FAKE
6934,FAKE
43,FAKE
7432,REAL
3871,FAKE
7955,FAKE
5808,REAL
7697,FAKE
2171,REAL
6044,FAKE
2795,REAL
3911,FAKE
9937,REAL
6660,REAL
6618,FAKE
291,REAL
5592,FAKE
8676,REAL
10107,REAL
3309,REAL
1972,FAKE
6101,REAL
1756,REAL
4120,REAL
3951,FAKE
343,REAL
5948,REAL
170,REAL
685,REAL
7674,FAKE
1975,REAL
8776,FAKE
10476,FAKE
510,REAL
5188,FAKE
7255,FAKE
9367,FAKE
3017,REAL
8663,REAL
5773,FAKE
10143,REAL
276,REAL
7908,FAKE
3880,REAL
2625,REAL
3487,REAL
3771,REAL
7062,FAKE
628,REAL
3429,FAKE
5344,FAKE
7024,REAL
506,FAKE
9458,FAKE
6192,FAKE
5856,REAL
6790,REAL
964,FAKE
8691,FAKE
4486,FAKE
3324,REAL
3572,REAL
9396,REAL
367,REAL
9171,REAL
10524,FAKE
8633,FAKE
154,REAL
4854,REAL
5364,FAKE
7861,REAL
2510,FAKE
1936,FAKE
887,REAL
2971,REAL
260,REAL
7454,FAKE
3521,FAKE
5097,REAL
10031,FAKE
6663,FAKE
3954,FAKE
7233,REAL
9158,FAKE
3760,REAL
7898,FAKE
9568,REAL
370,FAKE
102,REAL
4340,REAL
3786,FAKE
606,FAKE
4471,REAL
1450,REAL
8230,FAKE
2072,REAL
8331,REAL
1672,FAKE
6820,REAL
643,REAL
7738,REAL
1663,REAL
3051,REAL
7694,FAKE
2980,FAKE
7596,FAKE
10079,REAL
8689,FAKE
9590,REAL
6721,FAKE
6295,FAKE
4881,REAL
7461,REAL
4590,REAL
2405,REAL
5103,REAL
3409,REAL
5335,REAL
8449,FAKE
4905,REAL
6792,REAL
4118,REAL
7389,REAL
529,REAL
5,REAL
7785,FAKE
160,REAL
3440,REAL
947,REAL
734,FAKE
2514,FAKE
7263,FAKE
1577,REAL
5266,REAL
5909,FAKE
1665,REAL
5091,REAL
3210,REAL
8025,FAKE
7046,FAKE
3570,REAL
9737,REAL
6677,FAKE
7125,FAKE
5979,REAL
8179,REAL
2913,REAL
9268,REAL
8494,FAKE
5870,REAL
3677,REAL
9101,REAL
1595,REAL
8097,REAL
9287,REAL
248,REAL
9894,FAKE
8977,REAL
1498,REAL
9747,FAKE
3900,REAL
807,REAL
7601,REAL
8780,FAKE
8420,REAL
2202,REAL
6566,FAKE
4876,REAL
8043,FAKE
6111,FAKE
7620,FAKE
2530,REAL
5426,FAKE
1719,FAKE
1596,REAL
3563,FAKE
1078,REAL
10275,FAKE
2695,FAKE
10013,REAL
7646,FAKE
10541,FAKE
2152,REAL
3029,REAL
6644,FAKE
773,FAKE
5959,FAKE
9411,FAKE
1870,REAL
7411,REAL
299,REAL
381,FAKE
2701,REAL
3995,FAKE
178,REAL
5917,FAKE
1201,REAL
8206,FAKE
6380,REAL
4439,FAKE
6428,REAL
10499,FAKE
7541,FAKE
10251,FAKE
7165,FAKE
9279,REAL
4898,REAL
7593,FAKE
10170,FAKE
9,FAKE
5839,FAKE
3690,FAKE
1075,REAL
5788,FAKE
2179,FAKE
7812,FAKE
6977,FAKE
4478,REAL
4179,REAL
9162,FAKE
3801,REAL
6406,REAL
6,REAL
4362,REAL
1193,REAL
6238,REAL
4363,REAL
5984,FAKE
7698,FAKE
3776,REAL
1385,REAL
581,FAKE
694,REAL
7942,FAKE
8538,FAKE
7416,FAKE
2473,REAL
1130,REAL
5706,REAL
8638,FAKE
6265,REAL
9976,REAL
6762,REAL
5541,FAKE
3257,REAL
7193,FAKE
9595,REAL
4221,REAL
8078,FAKE
2283,REAL
6476,FAKE
3958,FAKE
2928,FAKE
2353,FAKE
689,REAL
1833,REAL
8194,REAL
2617,FAKE
2601,REAL
9449,FAKE
8717,FAKE
4579,FAKE
9501,FAKE
6007,FAKE
8132,FAKE
7207,REAL
7121,FAKE
3258,REAL
5912,REAL
6714,FAKE
777,REAL
7839,FAKE
7720,REAL
6050,REAL
1966,REAL
4255,REAL
8009,REAL
9819,FAKE
6206,FAKE
293,REAL
8804,REAL
4287,REAL
9475,REAL
1955,FAKE
6014,FAKE
239,REAL
2623,FAKE
3164,FAKE
10105,FAKE
3330,FAKE
6615,REAL
8764,FAKE
7297,REAL
600,REAL
5249,REAL
7092,REAL
2489,REAL
3412,REAL
8704,FAKE
4983,REAL
4543,FAKE
4055,FAKE
2377,FAKE
5699,FAKE
2248,FAKE
10167,REAL
1669,FAKE
192,FAKE
57,REAL
9424,FAKE
4060,REAL
7947,REAL
1082,FAKE
9228,FAKE
1616,REAL
8023,FAKE
9753,FAKE
5880,FAKE
1344,REAL
10515,REAL
7979,REAL
7921,REAL
8186,FAKE
640,FAKE
5050,REAL
3645,REAL
6726,FAKE
5326,FAKE
719,REAL
611,REAL
8849,FAKE
223,REAL
5044,FAKE
9662,FAKE
7407,FAKE
6005,REAL
401,REAL
9033,FAKE
5663,FAKE
2427,REAL
5056,FAKE
4218,FAKE
1887,REAL
6215,FAKE
2779,REAL
8592,REAL
4452,REAL
9480,FAKE
8760,FAKE
385,REAL
8155,FAKE
9345,REAL
1560,REAL
2192,FAKE
7586,REAL
231,REAL
7026,FAKE
8664,REAL
7912,REAL
7578,FAKE
5657,FAKE
4396,REAL
1615,REAL
10147,FAKE
3154,REAL
9001,FAKE
5311,FAKE
8089,REAL
9644,FAKE
8431,FAKE
3516,FAKE
9354,FAKE
8791,FAKE
1150,REAL
3094,REAL
3926,REAL
477,REAL
4858,REAL
8371,REAL
4381,REAL
4528,REAL
6065,FAKE
5767,REAL
9233,FAKE
8551,FAKE
10126,FAKE
8469,FAKE
9775,REAL
6275,FAKE
7452,REAL
9761,FAKE
3986,FAKE
7945,FAKE
6063,REAL
8068,FAKE
8104,FAKE
1690,REAL
8986,FAKE
8468,FAKE
4569,REAL
4237,REAL
3353,REAL
2308,REAL
8628,FAKE
9859,REAL
10065,REAL
8169,REAL
2658,REAL
5025,FAKE
4380,REAL
3618,REAL
7954,FAKE
5273,REAL
9031,FAKE
882,REAL
6803,REAL
9657,REAL
6522,FAKE
1952,FAKE
9947,FAKE
3606,REAL
10296,FAKE
10109,FAKE
2108,REAL
8987,FAKE
6842,FAKE
9471,FAKE
1551,FAKE
4606,REAL
197,FAKE
7382,FAKE
6749,REAL
3987,FAKE
348,REAL
3143,FAKE
379,REAL
3254,REAL
8720,FAKE
1732,REAL
9934,REAL
1116,FAKE
6343,REAL
7565,REAL
10307,REAL
1611,FAKE
3681,REAL
4586,FAKE
4524,FAKE
5819,FAKE
9643,FAKE
233,FAKE
5776,FAKE
5920,REAL
1140,REAL
8044,FAKE
455,FAKE
637,REAL
4426,REAL
5331,REAL
9313,FAKE
6270,FAKE
9073,REAL
4536,FAKE
9869,FAKE
1094,REAL
2581,REAL
918,REAL
1915,REAL
7096,FAKE
2426,REAL
130,FAKE
5710,FAKE
7867,FAKE
3041,REAL
2831,REAL
7580,FAKE
8400,FAKE
10166,FAKE
2077,REAL
5332,FAKE
7735,FAKE
2311,REAL
9077,FAKE
1176,REAL
2744,REAL
5732,REAL
487,REAL
10088,FAKE
9908,REAL
3637,REAL
4441,REAL
3211,REAL
1179,REAL
7515,REAL
5855,REAL
3246,REAL
375,REAL
7852,FAKE
9194,REAL
3574,FAKE
8753,FAKE
5985,FAKE
4813,FAKE
9181,FAKE
512,REAL
3863,REAL
6377,REAL
3150,REAL
2106,REAL
2758,FAKE
7542,REAL
4228,FAKE
362,REAL
2557,FAKE
4316,REAL
8274,FAKE
6906,FAKE
2880,FAKE
10492,FAKE
517,REAL
4291,FAKE
2942,FAKE
5475,FAKE
1431,REAL
2259,REAL
4091,REAL
1278,REAL
1631,FAKE
4539,REAL
3652,FAKE
1107,FAKE
5483,FAKE
8973,FAKE
10469,FAKE
2869,REAL
9392,REAL
613,REAL
2674,REAL
6793,FAKE
5286,FAKE
4385,REAL
4324,FAKE
3704,FAKE
7380,REAL
1299,REAL
5138,REAL
9777,FAKE
633,REAL
7488,FAKE
7791,REAL
4015,FAKE
7990,REAL
3743,REAL
3977,FAKE
10341,FAKE
7249,FAKE
1010,FAKE
443,FAKE
9979,REAL
5127,REAL
3354,FAKE
8455,FAKE
9139,FAKE
4815,REAL
4879,REAL
5067,REAL
4961,FAKE
1051,REAL
8182,FAKE
10323,REAL
7022,FAKE
3971,FAKE
1714,REAL
9857,FAKE
10138,FAKE
4344,REAL
5219,FAKE
1711,REAL
7032,REAL
5554,FAKE
4349,REAL
4024,FAKE
6778,FAKE
9309,FAKE
323,REAL
2278,REAL
706,REAL
951,REAL
6912,REAL
1729,FAKE
4937,FAKE
2780,FAKE
6795,REAL
1050,FAKE
2533,FAKE
603,REAL
3782,REAL
3444,REAL
2252,REAL
717,REAL
7768,REAL
8055,FAKE
10271,FAKE
1087,REAL
9867,FAKE
1071,FAKE
8007,REAL
1805,REAL
4264,REAL
8915,FAKE
10496,REAL
5631,FAKE
3114,REAL
8372,FAKE
2653,FAKE
5358,REAL
9254,FAKE
2882,REAL
6032,REAL
9587,REAL
1238,FAKE
5600,REAL
5987,REAL
1927,REAL
3093,REAL
9057,REAL
8739,FAKE
4166,REAL
2954,REAL
5576,FAKE
815,REAL
4848,FAKE
6264,FAKE
1216,REAL
6359,FAKE
8125,REAL
3268,REAL
1701,REAL
1285,REAL
10283,FAKE
5630,REAL
4297,FAKE
363,REAL
2295,REAL
3969,FAKE
7315,FAKE
8383,REAL
8220,FAKE
4485,REAL
5141,FAKE
1617,REAL
288,REAL
3605,FAKE
3601,REAL
8683,REAL
9103,REAL
7681,FAKE
2044,REAL
1697,REAL
10219,REAL
8105,REAL
3005,FAKE
7501,FAKE
9061,FAKE
3754,REAL
1660,REAL
2692,FAKE
2665,REAL
1810,REAL
8518,REAL
6027,REAL
9892,FAKE
999,FAKE
877,REAL
8591,FAKE
8751,FAKE
7886,FAKE
3980,FAKE
7111,REAL
9812,REAL
134,REAL
2901,FAKE
1103,REAL
169,REAL
358,REAL
9943,REAL
6981,REAL
10193,FAKE
8823,REAL
9146,FAKE
1349,REAL
1565,REAL
881,FAKE
2406,REAL
7072,REAL
2858,REAL
2853,FAKE
1505,REAL
9204,FAKE
2488,FAKE
1628,REAL
2103,REAL
10129,FAKE
10274,FAKE
5148,FAKE
9715,REAL
236,REAL
9028,REAL
1839,REAL
7573,FAKE
6914,FAKE
5049,FAKE
8162,FAKE
1508,REAL
8346,REAL
9035,FAKE
4537,REAL
9527,FAKE
5636,REAL
5739,REAL
5043,REAL
4985,FAKE
1781,REAL
8903,FAKE
9188,FAKE
3180,FAKE
167,FAKE
6786,FAKE
10272,FAKE
5319,FAKE
684,REAL
9847,FAKE
9388,FAKE
1114,REAL
7098,FAKE
1037,REAL
9629,REAL
5747,REAL
2715,REAL
2000,REAL
5810,REAL
4200,REAL
2704,FAKE
8905,FAKE
8321,FAKE
2896,FAKE
6620,FAKE
4437,REAL
3243,REAL
8543,FAKE
7192,REAL
3161,FAKE
3323,REAL
6874,FAKE
3414,REAL
8822,FAKE
8885,FAKE
856,REAL
8153,FAKE
9046,REAL
7067,FAKE
3421,REAL
1919,REAL
281,REAL
6060,FAKE
869,REAL
3939,FAKE
8721,REAL
2341,FAKE
8745,FAKE
8173,FAKE
7465,FAKE
8761,FAKE
8064,REAL
7930,FAKE
2110,REAL
5371,REAL
7226,FAKE
4428,FAKE
128,REAL
1392,REAL
1931,REAL
2963,FAKE
4326,REAL
5041,FAKE
8028,REAL
7028,FAKE
8863,REAL
8341,REAL
784,REAL
1427,REAL
3273,REAL
6013,FAKE
8912,REAL
3194,REAL
7706,REAL
5243,FAKE
1269,FAKE
3781,FAKE
3253,REAL
4875,REAL
7359,FAKE
8175,REAL
916,FAKE
6661,REAL
2983,REAL
10236,REAL
8466,REAL
5527,FAKE
1313,REAL
4568,FAKE
2059,REAL
2753,REAL
5715,FAKE
9117,REAL
3823,REAL
4446,FAKE
6643,REAL
2761,FAKE
7420,FAKE
7219,REAL
7989,FAKE
4190,FAKE
1380,FAKE
4934,REAL
1816,REAL
2437,REAL
8502,FAKE
24,REAL
5486,FAKE
844,REAL
3819,FAKE
10489,FAKE
3928,REAL
6834,FAKE
6812,FAKE
1409,REAL
4244,FAKE
8037,REAL
5779,FAKE
6532,FAKE
4540,REAL
6761,REAL
4605,REAL
1963,REAL
1959,REAL
10216,FAKE
9684,FAKE
836,REAL
4423,REAL
788,REAL
10004,FAKE
7087,REAL
2635,REAL
9607,FAKE
6204,FAKE
3686,REAL
6733,FAKE
8561,FAKE
2711,REAL
525,REAL
7152,FAKE
6098,REAL
3706,REAL
7502,FAKE
8325,REAL
3190,REAL
9731,FAKE
4257,REAL
7803,FAKE
47,REAL
6835,REAL
2284,REAL
9075,FAKE
1655,REAL
3901,FAKE
9909,REAL
9770,FAKE
1214,REAL
435,FAKE
9081,REAL
2664,FAKE
7809,REAL
10145,REAL
2203,FAKE
6519,REAL
1033,REAL
7751,FAKE
8010,FAKE
505,REAL
10343,FAKE
1434,REAL
2585,REAL
34,REAL
8777,FAKE
3496,REAL
1156,REAL
619,FAKE
5101,REAL
3238,REAL
7882,FAKE
4656,REAL
4593,REAL
183,REAL
9100,FAKE
4953,FAKE
1151,REAL
9056,REAL
5770,REAL
18,REAL
1351,REAL
5684,FAKE
3944,FAKE
7357,FAKE
3285,REAL
4760,REAL
1265,FAKE
1939,REAL
7545,REAL
4308,FAKE
432,REAL
4065,FAKE
842,FAKE
8066,REAL
1668,FAKE
4491,FAKE
8352,FAKE
4583,FAKE
6120,FAKE
5392,FAKE
692,FAKE
9531,FAKE
4787,FAKE
2382,REAL
10390,FAKE
6670,FAKE
1566,REAL
5500,REAL
9184,REAL
4146,FAKE
2404,FAKE
2626,REAL
8276,FAKE
588,REAL
8423,FAKE
496,FAKE
9936,REAL
8012,FAKE
4142,REAL
7378,FAKE
5241,REAL
5175,REAL
4293,REAL
3278,REAL
3438,REAL
7634,FAKE
9222,FAKE
9058,REAL
726,REAL
8896,FAKE
9762,FAKE
2724,REAL
4695,FAKE
4824,REAL
93,REAL
5292,FAKE
1645,FAKE
7903,REAL
8911,FAKE
6002,FAKE
3522,FAKE
5359,REAL
342,REAL
3783,FAKE
5951,REAL
5705,FAKE
9301,REAL
7550,REAL
4230,FAKE
2263,REAL
3281,REAL
7059,FAKE
3152,FAKE
7598,FAKE
1582,REAL
2523,FAKE
7178,REAL
6529,REAL
8109,REAL
403,REAL
3418,REAL
3457,FAKE
2182,FAKE
2362,REAL
1405,REAL
1586,FAKE
4473,REAL
2347,FAKE
6806,FAKE
10377,FAKE
2919,REAL
7126,REAL
6570,FAKE
4302,REAL
7988,FAKE
1306,REAL
10393,FAKE
4990,REAL
1217,REAL
5459,FAKE
6881,REAL
2824,FAKE
8267,FAKE
5507,FAKE
5493,FAKE
991,REAL
6217,FAKE
2223,FAKE
1229,REAL
1023,FAKE
5894,FAKE
4011,FAKE
3509,FAKE
10286,REAL
9197,REAL
7473,FAKE
6266,FAKE
9944,REAL
9840,FAKE
1716,REAL
840,REAL
8953,FAKE
5887,REAL
2082,REAL
7144,FAKE
5741,FAKE
3219,REAL
8402,REAL
1924,REAL
9692,REAL
3580,FAKE
4697,FAKE
4928,REAL
9971,FAKE
1315,REAL
9235,FAKE
3963,FAKE
6375,FAKE
9704,REAL
6994,FAKE
1366,REAL
6681,FAKE
7668,FAKE
5143,REAL
6755,FAKE
6117,FAKE
4791,FAKE
8650,FAKE
680,FAKE
9703,REAL
6486,FAKE
4900,FAKE
9454,REAL
1942,REAL
8924,REAL
10474,REAL
6458,FAKE
7949,FAKE
716,FAKE
3153,FAKE
647,REAL
6548,FAKE
4334,REAL
1769,REAL
117,REAL
6647,FAKE
196,REAL
1548,REAL
9334,FAKE
5259,FAKE
6709,FAKE
566,REAL
7797,FAKE
6645,FAKE
339,REAL
10514,REAL
3321,REAL
10149,REAL
4339,REAL
5883,FAKE
3832,FAKE
572,REAL
8775,FAKE
1125,FAKE
4131,REAL
3840,FAKE
7696,FAKE
2255,REAL
5367,FAKE
3689,REAL
8829,REAL
3063,REAL
1547,REAL
9025,REAL
4271,REAL
4183,REAL
4160,FAKE
7678,FAKE
1397,REAL
5730,FAKE
10425,REAL
6624,FAKE
8457,REAL
4864,FAKE
6274,REAL
9356,REAL
6902,FAKE
9743,FAKE
3289,FAKE
407,FAKE
6765,REAL
6097,REAL
10057,FAKE
1853,REAL
950,REAL
8701,FAKE
1708,REAL
2051,REAL
9500,REAL
8027,FAKE
8545,FAKE
136,REAL
7208,REAL
8799,REAL
3990,FAKE
8748,FAKE
10135,FAKE
2008,REAL
9893,REAL
9113,FAKE
7441,FAKE
7211,FAKE
5066,REAL
3639,FAKE
8191,REAL
6280,FAKE
2833,REAL
3478,REAL
5222,FAKE
1250,REAL
6252,REAL
855,REAL
9273,REAL
6625,REAL
5934,FAKE
6717,FAKE
10234,REAL
9206,REAL
10269,FAKE
6400,FAKE
1223,REAL
8530,FAKE
7755,FAKE
3590,REAL
10187,FAKE
3898,REAL
2816,REAL
883,REAL
3671,FAKE
8845,REAL
2502,FAKE
7153,FAKE
3117,REAL
3834,REAL
9875,FAKE
4109,REAL
7660,FAKE
3884,REAL
9884,FAKE
4599,REAL
5347,FAKE
5048,REAL
80,REAL
9393,REAL
4033,FAKE
2195,REAL
8942,FAKE
6919,REAL
9584,REAL
8508,FAKE
63,REAL
2323,REAL
2367,REAL
4259,REAL
4972,REAL
294,REAL
2657,REAL
9853,REAL
8920,FAKE
6927,REAL
8260,FAKE
686,FAKE
3514,REAL
7848,FAKE
8708,FAKE
5519,FAKE
2815,REAL
9628,FAKE
4062,REAL
5099,REAL
2161,FAKE
7312,REAL
2554,REAL
7605,FAKE
8051,REAL
2542,REAL
3373,REAL
9410,REAL
7360,FAKE
2116,REAL
2654,REAL
5119,REAL
355,FAKE
1339,REAL
8378,FAKE
5068,REAL
6597,REAL
7467,FAKE
5822,FAKE
4729,REAL
1588,REAL
4722,FAKE
7838,REAL
531,REAL
4931,REAL
2943,FAKE
3953,REAL
1922,REAL
2485,REAL
3642,REAL
6289,FAKE
9734,REAL
9664,REAL
9755,FAKE
2074,REAL
2577,FAKE
9383,REAL
5905,FAKE
8513,FAKE
7229,FAKE
4150,FAKE
6104,FAKE
6657,FAKE
3791,REAL
10268,FAKE
5529,REAL
8248,FAKE
6788,FAKE
3670,REAL
9667,FAKE
6157,REAL
6667,REAL
2639,REAL
1060,REAL
5777,REAL
468,FAKE
8360,FAKE
526,REAL
5624,FAKE
4971,REAL
1288,REAL
2242,REAL
5458,FAKE
5256,FAKE
10355,FAKE
5442,FAKE
1439,REAL
2528,REAL
1331,REAL
4162,REAL
9450,FAKE
1913,REAL
4700,REAL
2676,REAL
5216,FAKE
9802,REAL
720,REAL
21,REAL
6669,FAKE
4551,FAKE
9072,FAKE
6024,FAKE
789,REAL
3372,FAKE
2363,FAKE
5807,FAKE
8669,FAKE
2464,REAL
5228,REAL
5774,REAL
7883,FAKE
6207,FAKE
7626,REAL
1526,REAL
5151,REAL
5375,REAL
9891,REAL
9191,REAL
9958,FAKE
4203,REAL
2300,REAL
9746,FAKE
2997,FAKE
8834,FAKE
2151,REAL
2169,FAKE
10164,FAKE
3056,REAL
8238,REAL
7262,FAKE
1634,FAKE
10416,FAKE
10020,FAKE
1943,REAL
5452,FAKE
10192,REAL
1762,FAKE
6260,REAL
1976,REAL
4585,FAKE
5745,REAL
8670,FAKE
845,REAL
9688,FAKE
222,FAKE
4300,FAKE
5646,FAKE
6542,FAKE
9321,FAKE
4602,REAL
8237,REAL
5543,REAL
3132,REAL
8707,FAKE
5999,FAKE
8079,REAL
6073,REAL
119,FAKE
6019,REAL
2399,REAL
5852,FAKE
6138,REAL
5421,FAKE
9343,FAKE
8660,REAL
1043,REAL
1620,REAL
6188,FAKE
4276,FAKE
7527,FAKE
3960,FAKE
1356,REAL
6230,REAL
928,REAL
2194,FAKE
5250,FAKE
7346,FAKE
6434,FAKE
4671,REAL
6467,REAL
1878,FAKE
1525,REAL
5662,FAKE
4265,FAKE
771,REAL
5427,FAKE
161,REAL
4083,FAKE
9305,REAL
6072,REAL
7551,FAKE
8754,FAKE
5154,FAKE
9170,FAKE
3894,REAL
8344,FAKE
8656,REAL
749,REAL
9488,FAKE
2412,REAL
7800,REAL
9719,FAKE
3659,FAKE
513,REAL
4859,REAL
9351,FAKE
9600,FAKE
5248,FAKE
2851,REAL
5915,REAL
10209,FAKE
4453,REAL
8035,FAKE
5213,REAL
4762,REAL
7664,REAL
5461,FAKE
2267,FAKE
793,REAL
2923,FAKE
6419,FAKE
10409,FAKE
5825,FAKE
5014,FAKE
1778,REAL
5605,REAL
4269,REAL
9213,FAKE
921,REAL
9879,FAKE
4895,REAL
655,FAKE
2024,REAL
10098,FAKE
866,FAKE
3009,REAL
1213,REAL
7442,FAKE
4782,REAL
2698,FAKE
8718,FAKE
1090,REAL
7197,FAKE
627,FAKE
8679,REAL
4481,REAL
8091,FAKE
3269,REAL
9955,FAKE
6631,FAKE
4496,REAL
8277,FAKE
8137,REAL
1099,FAKE
6543,REAL
1808,REAL
44,FAKE
10189,FAKE
8268,FAKE
2531,FAKE
7397,FAKE
3775,FAKE
3613,FAKE
8386,REAL
2286,REAL
5609,REAL
3619,REAL
10484,FAKE
4792,REAL
2472,REAL
10317,FAKE
5765,FAKE
1591,REAL
5395,REAL
699,REAL
5072,REAL
10288,FAKE
7687,FAKE
1998,REAL
1621,REAL
5301,REAL
100,REAL
7798,REAL
2985,FAKE
10281,FAKE
1028,FAKE
4448,FAKE
3765,REAL
4254,REAL
1340,FAKE
4947,REAL
9694,FAKE
6067,REAL
270,REAL
234,REAL
3505,FAKE
1949,REAL
3235,REAL
2900,REAL
8932,FAKE
623,REAL
9609,FAKE
6738,FAKE
4840,REAL
8926,FAKE
5857,REAL
2361,FAKE
4394,REAL
354,FAKE
6500,REAL
7265,REAL
307,FAKE
4374,FAKE
3624,FAKE
9907,FAKE
8014,REAL
110,REAL
7428,FAKE
10287,FAKE
2175,REAL
272,REAL
8563,REAL
8334,REAL
2048,REAL
1751,REAL
7350,FAKE
5362,FAKE
1643,FAKE
8016,FAKE
6876,FAKE
2540,FAKE
4256,REAL
4660,REAL
4075,FAKE
8921,FAKE
1818,REAL
3696,REAL
1614,REAL
10091,FAKE
4768,REAL
140,FAKE
3193,FAKE
3564,REAL
5457,REAL
1352,REAL
10419,REAL
8240,FAKE
2158,REAL
5433,REAL
10006,FAKE
9985,FAKE
2729,REAL
8217,REAL
1715,REAL
2773,FAKE
3733,REAL
2722,REAL
1161,FAKE
683,REAL
7548,FAKE
481,FAKE
1917,REAL
10258,FAKE
3141,REAL
7650,FAKE
1021,REAL
10452,REAL
1358,REAL
9288,REAL
79,REAL
5676,FAKE
8532,FAKE
6268,REAL
4659,REAL
1549,REAL
6322,FAKE
4912,REAL
5052,REAL
6757,FAKE
1384,REAL
7845,REAL
4685,FAKE
3810,REAL
5946,REAL
8161,REAL
2326,REAL
3692,REAL
4450,FAKE
4002,FAKE
6409,FAKE
298,REAL
1225,REAL
919,REAL
9415,FAKE
3128,FAKE
7328,FAKE
9900,REAL
3175,REAL
2655,FAKE
1561,REAL
5949,FAKE
1720,REAL
1618,FAKE
2244,REAL
2648,REAL
7857,REAL
5139,REAL
7495,FAKE
796,REAL
7451,FAKE
9916,FAKE
4560,FAKE
9368,REAL
2738,REAL
3109,REAL
4383,REAL
8687,FAKE
320,REAL
1319,REAL
4940,REAL
8381,FAKE
7369,REAL
3842,REAL
3151,REAL
2826,REAL
7528,FAKE
3232,REAL
1914,FAKE
6764,FAKE
4280,FAKE
1198,REAL
6064,FAKE
5368,REAL
6054,FAKE
675,REAL
3562,FAKE
4278,FAKE
3055,REAL
2862,REAL
9012,REAL
5079,REAL
4231,REAL
6321,REAL
3935,REAL
695,REAL
1840,REAL
1982,REAL
201,FAKE
6147,REAL
2104,FAKE
3527,FAKE
4443,FAKE
7581,FAKE
2372,FAKE
6112,REAL
2958,FAKE
9446,REAL
1440,REAL
7497,FAKE
9274,FAKE
4684,FAKE
8477,REAL
3184,REAL
2887,FAKE
2610,REAL
2288,REAL
412,FAKE
6068,REAL
1673,REAL
1458,REAL
9989,REAL
3387,REAL
3294,FAKE
4954,FAKE
3728,REAL
9632,FAKE
7048,FAKE
9070,FAKE
9157,FAKE
6392,REAL
9668,REAL
3907,FAKE
8221,FAKE
7071,FAKE
4025,REAL
2067,REAL
1371,REAL
10344,REAL
1926,REAL
7657,REAL
9800,FAKE
6599,REAL
8588,REAL
2535,REAL
9972,FAKE
2466,FAKE
5158,REAL
8557,FAKE
2282,REAL
5053,FAKE
1515,FAKE
4445,FAKE
2315,REAL
6454,FAKE
4213,REAL
372,REAL
826,FAKE
54,REAL
8020,REAL
4022,FAKE
3407,REAL
6544,FAKE
9267,FAKE
8758,FAKE
2238,REAL
4678,REAL
10297,FAKE
5460,FAKE
8351,FAKE
5809,REAL
8441,FAKE
3874,REAL
592,REAL
2605,FAKE
8184,FAKE
6734,REAL
2331,FAKE
9018,FAKE
6330,FAKE
4505,REAL
7424,FAKE
1512,REAL
3820,FAKE
4382,REAL
1425,FAKE
6732,FAKE
2213,REAL
6705,REAL
7603,REAL
7980,REAL
1123,FAKE
9954,REAL
9371,REAL
7690,FAKE
8148,REAL
5975,REAL
10473,FAKE
10540,REAL
4168,REAL
4279,REAL
2465,REAL
1492,REAL
6604,FAKE
6386,FAKE
6805,REAL
8972,FAKE
10533,FAKE
9992,FAKE
4187,REAL
870,FAKE
7031,FAKE
2904,REAL
4887,FAKE
4338,REAL
2176,FAKE
7843,FAKE
75,REAL
2647,REAL
3983,FAKE
6402,REAL
9690,REAL
7213,REAL
7821,REAL
3966,FAKE
4924,REAL
2396,REAL
7164,FAKE
352,REAL
7284,FAKE
1550,REAL
4182,REAL
3989,FAKE
1925,REAL
7112,FAKE
2428,REAL
9047,FAKE
6578,REAL
1961,REAL
3929,REAL
8990,FAKE
4314,REAL
4785,REAL
3822,REAL
4521,FAKE
2967,REAL
6296,FAKE
1373,REAL
9484,FAKE
10078,REAL
3260,REAL
9642,FAKE
10058,REAL
8490,FAKE
897,REAL
6134,FAKE
1355,REAL
1148,FAKE
4312,REAL
8677,FAKE
3359,FAKE
2559,FAKE
10038,REAL
9583,FAKE
9478,FAKE
6334,FAKE
5263,REAL
5882,FAKE
1603,REAL
9144,REAL
862,FAKE
8747,FAKE
5160,REAL
7386,FAKE
4185,REAL
4835,REAL
10068,FAKE
10053,REAL
8222,FAKE
803,REAL
6610,REAL
5423,FAKE
9085,FAKE
1491,FAKE
816,REAL
503,REAL
785,REAL
2440,REAL
8243,REAL
2721,REAL
3092,REAL
2793,REAL
6512,FAKE
7083,FAKE
6796,REAL
7805,FAKE
2686,REAL
9987,REAL
5789,FAKE
7825,REAL
3538,FAKE
6363,FAKE
4205,REAL
6875,REAL
3307,REAL
1953,REAL
8818,REAL
5446,FAKE
9931,FAKE
4827,REAL
3430,REAL
6853,REAL
6349,FAKE
7034,FAKE
3528,REAL
2972,REAL
4085,FAKE
2741,FAKE
6263,FAKE
2026,REAL
9312,FAKE
6526,FAKE
6571,FAKE
4018,FAKE
3131,FAKE
8698,REAL
7830,FAKE
9782,REAL
6553,REAL
571,REAL
3722,REAL
4584,FAKE
4198,FAKE
5095,REAL
2854,REAL
2079,FAKE
3350,FAKE
6976,FAKE
8634,FAKE
7003,REAL
6844,REAL
2663,FAKE
3061,FAKE
8185,FAKE
4103,REAL
598,REAL
2550,REAL
6592,FAKE
948,REAL
6453,FAKE
7816,FAKE
4975,REAL
7792,FAKE
3183,FAKE
1852,REAL
827,REAL
2737,REAL
5290,FAKE
2287,REAL
6121,FAKE
1501,FAKE
9517,FAKE
8281,FAKE
1035,REAL
5150,REAL
3861,FAKE
3227,REAL
9399,FAKE
8298,FAKE
1608,REAL
4814,FAKE
2612,REAL
113,FAKE
9858,FAKE
103,REAL
227,FAKE
1207,REAL
8937,FAKE
2726,REAL
4139,REAL
615,REAL
10173,FAKE
6892,REAL
4643,REAL
2895,FAKE
9363,FAKE
1794,REAL
5820,FAKE
1263,REAL
7020,REAL
8609,FAKE
10384,FAKE
3214,REAL
7002,REAL
1843,REAL
7055,REAL
6047,REAL
7602,REAL
5447,REAL
10339,FAKE
1001,REAL
6411,FAKE
8890,FAKE
1104,REAL
7446,REAL
3451,REAL
9596,FAKE
6781,REAL
9178,REAL
5047,FAKE
4664,REAL
7574,FAKE
4757,REAL
10139,FAKE
2881,REAL
1528,FAKE
990,REAL
8783,REAL
2962,FAKE
5449,FAKE
218,REAL
10156,FAKE
10433,REAL
3233,FAKE
6727,REAL
8856,FAKE
4501,REAL
5668,REAL
10263,FAKE
6799,REAL
1946,REAL
6840,FAKE
4005,FAKE
8406,REAL
1309,FAKE
2774,REAL
7076,REAL
10155,FAKE
5795,REAL
2662,REAL
6156,FAKE
2607,FAKE
4329,REAL
4172,REAL
6614,FAKE
1899,FAKE
7546,FAKE
2247,REAL
10361,REAL
6836,FAKE
1029,REAL
2030,REAL
2207,REAL
6967,FAKE
202,REAL
9538,FAKE
5961,FAKE
9752,FAKE
7117,FAKE
6161,FAKE
2504,FAKE
9466,REAL
8271,FAKE
6596,REAL
8170,FAKE
3216,REAL
4201,FAKE
4192,REAL
9850,FAKE
3598,FAKE
10244,FAKE
5837,FAKE
2787,REAL
9229,REAL
8556,REAL
2966,FAKE
1433,FAKE
328,FAKE
4723,REAL
7927,FAKE
802,REAL
1026,REAL
1459,FAKE
5366,FAKE
9673,FAKE
10498,FAKE
2439,REAL
864,REAL
4128,REAL
662,REAL
8430,FAKE
1220,FAKE
9624,REAL
8211,FAKE
4099,REAL
878,REAL
5304,FAKE
92,REAL
1545,REAL
3517,REAL
10414,FAKE
6109,FAKE
6456,FAKE
7431,REAL
9078,FAKE
8054,REAL
5252,REAL
219,REAL
10223,FAKE
6802,REAL
6951,FAKE
3003,FAKE
6855,FAKE
3548,FAKE
2050,REAL
4210,REAL
8128,REAL
4414,REAL
8825,FAKE
3159,REAL
6388,FAKE
4638,FAKE
5094,FAKE
3223,REAL
3049,FAKE
9536,FAKE
7081,FAKE
8901,FAKE
6219,FAKE
6126,FAKE
8063,FAKE
935,REAL
5618,FAKE
6084,REAL
9790,REAL
8962,FAKE
1623,FAKE
3385,REAL
2861,REAL
1774,REAL
10308,FAKE
8408,REAL
3250,REAL
817,FAKE
6440,REAL
10210,REAL
4720,FAKE
9042,FAKE
9389,REAL
8117,FAKE
5469,FAKE
6110,FAKE
8916,FAKE
6412,FAKE
10547,REAL
3200,REAL
5221,FAKE
4626,REAL
2996,FAKE
5957,FAKE
1649,FAKE
3416,REAL
3802,FAKE
6885,REAL
1145,REAL
5478,FAKE
4069,REAL
6819,FAKE
3853,REAL
7179,REAL
8163,REAL
6666,REAL
1396,REAL
9540,REAL
2959,FAKE
9539,REAL
361,REAL
1122,FAKE
10070,FAKE
1821,REAL
10175,REAL
2423,REAL
5242,FAKE
3738,REAL
2745,REAL
523,REAL
5381,FAKE
2007,REAL
9706,FAKE
3571,FAKE
1170,REAL
9914,FAKE
7611,REAL
9712,FAKE
8419,FAKE
10387,FAKE
8619,FAKE
1074,FAKE
9637,REAL
7129,FAKE
10543,FAKE
10526,FAKE
6239,REAL
3121,REAL
5968,FAKE
4206,REAL
10102,FAKE
6776,REAL
3714,REAL
5794,REAL
7977,FAKE
7639,REAL
1333,REAL
8440,FAKE
6255,FAKE
1578,REAL
4800,REAL
2037,REAL
8537,REAL
4793,FAKE
4440,FAKE
1195,REAL
9543,FAKE
5689,REAL
4942,REAL
1730,REAL
2261,REAL
2841,REAL
6311,FAKE
2113,REAL
1219,REAL
3259,REAL
5599,FAKE
7387,FAKE
6137,FAKE
3220,REAL
6259,FAKE
5436,REAL
3816,REAL
3890,FAKE
3716,REAL
7557,FAKE
2142,REAL
6962,FAKE
2976,FAKE
7756,REAL
2040,REAL
6514,FAKE
7224,FAKE
2549,FAKE
4977,REAL
9140,FAKE
2296,REAL
5769,FAKE
3685,REAL
2420,REAL
7788,REAL
530,FAKE
8166,FAKE
3203,FAKE
3891,REAL
6235,FAKE
4965,REAL
5380,FAKE
7600,REAL
6595,REAL
2431,FAKE
441,FAKE
6767,FAKE
8026,REAL
729,REAL
5874,FAKE
6249,FAKE
659,REAL
2759,FAKE
7364,REAL
8337,REAL
731,REAL
3270,REAL
5514,REAL
6641,FAKE
3224,REAL
2402,REAL
7306,FAKE
9414,FAKE
9003,FAKE
721,REAL
4399,REAL
2098,REAL
6636,REAL
4728,REAL
3022,REAL
859,FAKE
1759,REAL
8675,REAL
4635,FAKE
5929,FAKE
1699,REAL
1735,REAL
7128,FAKE
7427,FAKE
7566,REAL
2163,FAKE
5397,REAL
9435,FAKE
5435,REAL
3885,FAKE
4856,REAL
6447,FAKE
960,REAL
7866,FAKE
3488,REAL
1091,FAKE
5348,REAL
2791,FAKE
1032,REAL
4710,FAKE
10424,FAKE
618,REAL
3774,FAKE
3585,FAKE
459,FAKE
7342,FAKE
3850,FAKE
6177,REAL
9142,FAKE
1916,REAL
9207,FAKE
8533,REAL
7799,FAKE
4251,REAL
8152,REAL
9346,REAL
2525,REAL
1370,FAKE
9370,FAKE
5700,REAL
2534,REAL
1009,FAKE
8601,FAKE
4761,REAL
1568,REAL
175,REAL
5586,FAKE
8393,FAKE
3135,REAL
3116,REAL
3352,REAL
548,REAL
3679,FAKE
6978,REAL
6105,FAKE
4948,REAL
5393,REAL
1574,REAL
2929,FAKE
9797,FAKE
1110,REAL
1626,REAL
8955,FAKE
5879,FAKE
6508,FAKE
2159,REAL
2183,FAKE
4032,REAL
4132,REAL
9605,REAL
2360,REAL
6737,FAKE
4508,FAKE
1679,FAKE
6774,FAKE
2233,FAKE
410,FAKE
3489,REAL
4623,REAL
2080,FAKE
10083,FAKE
3792,REAL
2770,FAKE
9076,REAL
221,REAL
2766,REAL
7266,FAKE
4622,FAKE
8124,FAKE
620,FAKE
1656,REAL
7534,REAL
6878,FAKE
1264,FAKE
6451,REAL
4820,REAL
6470,FAKE
6523,FAKE
7840,FAKE
1583,REAL
2017,REAL
3267,FAKE
1468,REAL
4395,REAL
8318,FAKE
5218,REAL
9270,FAKE
4982,FAKE
9666,REAL
6583,REAL
703,REAL
9846,REAL
10029,FAKE
8377,REAL
850,FAKE
5039,FAKE
10313,FAKE
3507,FAKE
2529,REAL
2872,REAL
9214,FAKE
6149,FAKE
8512,FAKE
9895,FAKE
651,REAL
4090,FAKE
3337,REAL
3796,FAKE
1221,REAL
6530,FAKE
3477,REAL
4138,REAL
7893,REAL
4822,REAL
3752,REAL
4615,FAKE
4082,FAKE
8388,REAL
3066,REAL
1305,REAL
3085,REAL
5642,FAKE
2723,REAL
4849,REAL
2879,FAKE
2979,FAKE
8848,FAKE
7066,FAKE
1088,REAL
8301,FAKE
7572,FAKE
5178,REAL
1906,FAKE
2046,REAL
6627,REAL
537,REAL
2990,FAKE
3920,REAL
10321,FAKE
1740,REAL
5866,FAKE
873,FAKE
3909,FAKE
8463,REAL
527,REAL
1369,REAL
7936,FAKE
5811,FAKE
617,REAL
7973,FAKE
879,REAL
4105,REAL
1828,REAL
7606,FAKE
9306,REAL
6811,FAKE
688,REAL
10097,REAL
7186,REAL
8465,FAKE
9754,FAKE
2524,FAKE
5470,FAKE
540,REAL
6075,FAKE
7300,FAKE
10382,REAL
99,REAL
6986,FAKE
6366,FAKE
5034,REAL
3396,REAL
2398,REAL
1322,REAL
6824,REAL
3535,FAKE
9990,FAKE
8480,FAKE
7597,FAKE
808,REAL
9182,FAKE
4284,REAL
5073,REAL
2587,REAL
1893,REAL
3102,REAL
7368,REAL
7964,REAL
10111,FAKE
3922,REAL
7642,FAKE
3833,FAKE
9172,FAKE
3917,REAL
8335,FAKE
4541,FAKE
4081,FAKE
1335,REAL
9326,REAL
1664,REAL
10397,FAKE
6753,FAKE
7388,FAKE
4594,REAL
5245,REAL
978,REAL
2771,FAKE
8257,FAKE
6685,FAKE
7094,REAL
7691,FAKE
5351,REAL
1240,REAL
6243,FAKE
614,REAL
1567,REAL
8642,FAKE
5768,FAKE
7982,REAL
6894,REAL
5407,REAL
767,REAL
10027,REAL
3795,FAKE
3197,REAL
5956,FAKE
1555,REAL
4367,FAKE
1495,REAL
107,REAL
7324,FAKE
9878,FAKE
262,FAKE
6372,FAKE
6379,FAKE
4384,REAL
2243,REAL
52,REAL
10519,REAL
7865,FAKE
4997,REAL
8668,FAKE
9308,FAKE
3361,FAKE
3333,FAKE
4949,FAKE
7731,FAKE
5650,FAKE
2543,REAL
4647,REAL
77,REAL
5400,REAL
8705,FAKE
9544,REAL
843,REAL
6353,REAL
206,REAL
4456,REAL
7703,FAKE
1327,REAL
10411,FAKE
7148,FAKE
7349,REAL
7522,FAKE
5491,REAL
10096,FAKE
12,REAL
5474,REAL
8368,FAKE
8252,REAL
5658,FAKE
5737,FAKE
10398,FAKE
8083,FAKE
10406,REAL
10242,FAKE
6580,REAL
10050,FAKE
7819,REAL
8143,REAL
2160,REAL
4892,FAKE
4245,REAL
3016,REAL
10532,FAKE
1633,REAL
552,REAL
3320,REAL
2265,REAL
2148,FAKE
7999,FAKE
665,REAL
2091,REAL
4438,FAKE
2016,REAL
1968,REAL
5287,FAKE
9128,FAKE
9105,REAL
3245,REAL
9779,FAKE
7841,REAL
7134,FAKE
609,REAL
1228,REAL
9238,FAKE
457,FAKE
8154,REAL
5583,REAL
2349,FAKE
10536,FAKE
1635,REAL
5341,FAKE
7189,FAKE
6901,FAKE
5009,FAKE
6518,REAL
9744,FAKE
6704,REAL
10423,FAKE
3072,REAL
7763,FAKE
8478,REAL
3297,REAL
7021,FAKE
6371,FAKE
49,FAKE
8452,REAL
945,REAL
5862,FAKE
5936,FAKE
6162,FAKE
3163,REAL
4212,REAL
6449,FAKE
3668,REAL
8939,FAKE
9457,REAL
1157,FAKE
5734,FAKE
1239,FAKE
4645,REAL
2374,FAKE
1252,REAL
7319,FAKE
3804,REAL
3394,REAL
2479,FAKE
261,REAL
1521,FAKE
8006,REAL
10299,FAKE
2477,REAL
3358,FAKE
1119,REAL
4704,REAL
7237,FAKE
3537,FAKE
7909,FAKE
1454,FAKE
6306,FAKE
7419,FAKE
3510,REAL
7466,FAKE
6985,FAKE
8774,FAKE
5824,FAKE
7057,FAKE
9104,REAL
1855,FAKE
2847,FAKE
4774,REAL
622,REAL
4391,FAKE
9740,FAKE
679,REAL
466,REAL
7181,FAKE
6164,FAKE
6383,FAKE
8488,REAL
1254,REAL
2135,REAL
7246,REAL
1540,REAL
10062,FAKE
10071,FAKE
152,REAL
7616,REAL
2468,REAL
6461,REAL
8444,FAKE
8731,FAKE
3265,REAL
10151,FAKE
1415,FAKE
2172,FAKE
1698,REAL
9109,FAKE
2125,REAL
5771,FAKE
5111,REAL
1291,REAL
5980,FAKE
10132,REAL
2957,FAKE
9728,REAL
4461,REAL
4874,REAL
5932,FAKE
6053,REAL
4073,FAKE
884,FAKE
3449,FAKE
2920,FAKE
3699,REAL
5251,REAL
3930,FAKE
1536,FAKE
84,REAL
1553,REAL
4512,FAKE
6488,REAL
518,FAKE
7311,REAL
7396,FAKE
6417,FAKE
3313,REAL
8339,FAKE
8889,FAKE
2332,REAL
287,FAKE
7220,FAKE
2146,REAL
3583,FAKE
2109,REAL
7371,REAL
10528,FAKE
9816,FAKE
9131,FAKE
9612,REAL
6883,REAL
6987,FAKE
1514,REAL
10422,REAL
7254,REAL
4989,REAL
6515,REAL
2177,FAKE
9479,FAKE
2675,FAKE
1581,REAL
1908,REAL
2173,REAL
7183,FAKE
9889,REAL
8770,REAL
2272,REAL
2442,REAL
5027,REAL
4165,REAL
7685,FAKE
9952,FAKE
3726,REAL
7686,FAKE
5549,FAKE
2633,FAKE
4066,FAKE
325,REAL
8778,FAKE
257,REAL
9339,REAL
1462,REAL
5357,FAKE
73,REAL
414,REAL
1576,FAKE
6304,FAKE
9873,REAL
10479,FAKE
2073,FAKE
5707,REAL
8626,FAKE
5065,REAL
2521,FAKE
4343,FAKE
5498,FAKE
3915,FAKE
5679,FAKE
4447,REAL
8839,FAKE
6832,FAKE
3356,REAL
2435,REAL
8106,REAL
3553,FAKE
3992,REAL
6033,REAL
1312,REAL
9192,FAKE
7413,FAKE
1061,REAL
7910,REAL
6852,REAL
8058,REAL
5690,FAKE
8943,FAKE
7320,REAL
2566,FAKE
7370,REAL
4039,REAL
1886,REAL
3261,REAL
8548,FAKE
8302,FAKE
3459,REAL
657,REAL
5298,REAL
3188,REAL
5004,REAL
9606,FAKE
35,REAL
646,REAL
6690,FAKE
1529,FAKE
8213,FAKE
9970,FAKE
1622,REAL
1485,REAL
2915,FAKE
1872,REAL
5017,REAL
4733,REAL
3542,FAKE
4307,REAL
4845,REAL
10178,REAL
1822,REAL
6335,REAL
8090,REAL
2515,REAL
4332,REAL
6676,FAKE
4101,REAL
5499,FAKE
4143,FAKE
7405,REAL
579,REAL
8813,FAKE
442,FAKE
9341,REAL
3711,REAL
9404,REAL
4730,FAKE
1710,REAL
7340,FAKE
7288,FAKE
7053,FAKE
10545,FAKE
321,REAL
4627,REAL
754,REAL
7780,REAL
4850,FAKE
5308,REAL
2275,REAL
994,REAL
8673,FAKE
1086,REAL
8405,REAL
6226,FAKE
4141,REAL
835,REAL
5118,REAL
2452,REAL
7856,REAL
7505,FAKE
3334,REAL
4873,REAL
4810,REAL
8996,FAKE
2836,FAKE
7653,REAL
3052,REAL
1466,REAL
10171,FAKE
314,FAKE
7422,REAL
3502,REAL
2511,FAKE
4013,FAKE
333,REAL
5062,REAL
36,REAL
6564,FAKE
8061,REAL
6142,FAKE
105,FAKE
6006,FAKE
8888,FAKE
1744,REAL
1053,REAL
9504,FAKE
6953,FAKE
1069,FAKE
7563,FAKE
4973,REAL
3432,REAL
7813,FAKE
9438,FAKE
1324,REAL
7184,FAKE
9805,FAKE
1666,REAL
6150,FAKE
8087,FAKE
9786,FAKE
8968,REAL
9576,FAKE
504,FAKE
3290,REAL
5989,REAL
8672,FAKE
2801,REAL
5780,FAKE
8118,REAL
10358,FAKE
1820,REAL
3628,FAKE
1609,FAKE
2350,REAL
5092,REAL
10551,FAKE
9566,FAKE
9745,FAKE
946,REAL
8729,FAKE
6884,FAKE
3486,REAL
3371,REAL
976,FAKE
6209,FAKE
5644,FAKE
8474,FAKE
4752,REAL
274,FAKE
3847,REAL
5566,FAKE
1183,REAL
3876,REAL
6102,REAL
1359,FAKE
9851,REAL
5990,FAKE
9751,REAL
7804,FAKE
1731,FAKE
5550,FAKE
8526,FAKE
8690,FAKE
10176,FAKE
710,REAL
5738,FAKE
10008,FAKE
6059,FAKE
4974,REAL
5704,REAL
4191,FAKE
6396,FAKE
9137,FAKE
7915,FAKE
7995,REAL
7106,FAKE
2034,REAL
7671,FAKE
2602,REAL
6766,REAL
8121,FAKE
392,REAL
6165,FAKE
7985,FAKE
2870,FAKE
1414,FAKE
6158,REAL
758,REAL
8615,FAKE
7519,FAKE
888,REAL
4480,REAL
1041,FAKE
1276,REAL
9065,FAKE
7925,FAKE
3603,REAL
6971,FAKE
5930,FAKE
376,REAL
3504,REAL
9483,FAKE
242,REAL
3384,FAKE
1741,REAL
2668,REAL
593,FAKE
2373,FAKE
8285,FAKE
10261,FAKE
8842,FAKE
3316,FAKE
5021,FAKE
1202,REAL
7777,REAL
3655,FAKE
9843,FAKE
5172,REAL
4058,FAKE
9379,REAL
4084,FAKE
6945,FAKE
5193,REAL
5271,FAKE
3756,REAL
8450,FAKE
2023,REAL
1683,REAL
7078,FAKE
8935,REAL
8511,FAKE
106,REAL
7874,REAL
7491,REAL
3797,FAKE
6314,FAKE
2425,FAKE
6200,FAKE
532,REAL
8116,FAKE
7487,REAL
373,REAL
4967,REAL
2906,REAL
306,FAKE
5661,FAKE
8520,FAKE
8338,REAL
1554,REAL
10523,FAKE
7651,FAKE
10221,FAKE
8769,REAL
9422,FAKE
6125,FAKE
10353,REAL
5740,FAKE
3036,FAKE
2782,REAL
5938,FAKE
9995,FAKE
1478,FAKE
4531,REAL
4616,REAL
4402,FAKE
5343,REAL
4124,REAL
1045,REAL
6697,FAKE
7279,REAL
7215,REAL
824,FAKE
9353,REAL
2760,FAKE
761,REAL
1398,REAL
8287,FAKE
6929,FAKE
1467,REAL
4888,REAL
6684,REAL
1511,FAKE
3568,FAKE
5548,FAKE
10047,FAKE
2885,FAKE
4903,REAL
237,REAL
1184,FAKE
6254,FAKE
8899,FAKE
9562,FAKE
6199,FAKE
4309,REAL
3735,REAL
7644,FAKE
1243,REAL
8719,REAL
1928,REAL
9006,REAL
10386,FAKE
642,REAL
1442,FAKE
660,REAL
480,REAL
5164,REAL
5904,REAL
10342,FAKE
629,REAL
8743,FAKE
7969,REAL
4575,FAKE
557,FAKE
470,FAKE
10290,FAKE
2491,REAL
5318,FAKE
10049,FAKE
9938,FAKE
6146,REAL
7632,FAKE
6502,FAKE
6181,REAL
5534,FAKE
7231,FAKE
7269,REAL
2165,REAL
4846,FAKE
6848,FAKE
7198,FAKE
8050,FAKE
2659,FAKE
3199,REAL
2986,REAL
8313,REAL
9395,REAL
5744,FAKE
3298,REAL
10202,FAKE
9252,FAKE
10319,FAKE
4153,FAKE
5042,REAL
2927,FAKE
10249,FAKE
3875,REAL
4346,REAL
5647,FAKE
8349,REAL
555,REAL
3292,FAKE
5571,REAL
7045,REAL
9897,REAL
3588,REAL
10399,REAL
3515,REAL
1572,REAL
5669,FAKE
8251,FAKE
8875,FAKE
9373,FAKE
4640,FAKE
5558,FAKE
2903,REAL
6747,FAKE
9686,FAKE
9087,FAKE
2209,REAL
422,REAL
1956,REAL
2474,REAL
8072,REAL
149,REAL
4074,REAL
1873,REAL
8629,FAKE
4171,REAL
565,FAKE
6202,FAKE
3734,FAKE
1999,REAL
1851,REAL
1682,REAL
7826,REAL
8570,FAKE
1365,REAL
26,REAL
10332,FAKE
5958,FAKE
2038,REAL
10264,FAKE
6081,REAL
2767,REAL
6332,FAKE
8002,REAL
8451,REAL
6185,REAL
5269,REAL
2271,FAKE
2013,REAL
1308,REAL
9988,REAL
4611,REAL
1651,REAL
774,REAL
9881,REAL
7068,REAL
542,REAL
6439,FAKE
6229,FAKE
3075,REAL
5782,REAL
6427,FAKE
2563,REAL
5069,REAL
1031,FAKE
8841,FAKE
7767,REAL
6070,FAKE
4253,FAKE
2865,REAL
4766,REAL
434,REAL
5194,REAL
5907,FAKE
2254,REAL
4968,REAL
4781,REAL
6925,FAKE
9420,REAL
4472,REAL
436,REAL
4731,REAL
8138,FAKE
669,REAL
8279,FAKE
3621,FAKE
857,REAL
25,REAL
1249,REAL
3293,FAKE
649,REAL
4503,FAKE
1330,FAKE
8348,FAKE
8686,FAKE
4319,FAKE
3490,REAL
939,REAL
10464,FAKE
5196,FAKE
890,FAKE
3609,FAKE
2584,REAL
2155,REAL
8269,REAL
4282,REAL
913,REAL
3362,REAL
133,REAL
5713,FAKE
3014,REAL
9015,FAKE
1128,REAL
8998,FAKE
4513,FAKE
9912,FAKE
4387,REAL
9602,FAKE
8040,FAKE
2734,REAL
3332,REAL
1941,REAL
6182,REAL
7766,FAKE
3392,FAKE
9460,FAKE
4241,FAKE
6011,FAKE
2388,FAKE
1477,REAL
6719,FAKE
10196,FAKE
3931,REAL
9526,FAKE
391,REAL
9246,FAKE
9820,FAKE
7888,REAL
5129,REAL
5518,FAKE
7987,FAKE
9285,REAL
8412,FAKE
3080,REAL
9678,FAKE
5764,FAKE
8418,REAL
7920,REAL
9677,FAKE
7123,FAKE
2112,REAL
1350,REAL
3647,REAL
7575,FAKE
1142,REAL
6889,FAKE
10455,REAL
848,FAKE
3503,FAKE
8789,FAKE
6395,FAKE
6163,FAKE
8115,FAKE
5013,REAL
9837,FAKE
4063,FAKE
922,REAL
5255,REAL
2476,REAL
8602,REAL
3672,REAL
3011,REAL
5996,FAKE
8750,REAL
7476,FAKE
5276,REAL
4313,REAL
2571,FAKE
4951,FAKE
1879,REAL
5729,FAKE
6952,FAKE
8003,FAKE
7235,FAKE
4004,FAKE
5577,FAKE
2168,FAKE
6568,FAKE
285,REAL
1016,REAL
9083,FAKE
4755,REAL
9049,FAKE
8315,FAKE
3439,REAL
3241,REAL
295,FAKE
9522,FAKE
4301,REAL
2490,REAL
7142,FAKE
2743,REAL
5966,FAKE
9591,FAKE
120,FAKE
10197,FAKE
4998,REAL
9108,REAL
4956,FAKE
2981,FAKE
2206,REAL
2501,REAL
2433,REAL
1482,REAL
6772,REAL
3483,FAKE
2739,REAL
2235,REAL
4939,FAKE
1412,REAL
920,REAL
5515,FAKE
5096,REAL
6716,REAL
10475,REAL
1408,FAKE
6342,REAL
8111,FAKE
380,REAL
1513,REAL
2804,FAKE
2185,FAKE
4001,FAKE
9502,REAL
9981,FAKE
9904,FAKE
4495,REAL
9069,FAKE
6556,FAKE
2274,REAL
9455,FAKE
3724,REAL
420,FAKE
3604,FAKE
3747,REAL
9661,FAKE
6281,FAKE
2730,FAKE
3390,REAL
7569,REAL
6338,FAKE
4510,REAL
3654,FAKE
7088,REAL
3903,FAKE
9365,FAKE
59,REAL
3395,FAKE
3207,FAKE
5540,FAKE
839,REAL
5841,REAL
2487,REAL
6262,REAL
5675,REAL
4135,REAL
7543,FAKE
1209,REAL
7536,FAKE
9124,FAKE
575,REAL
4232,REAL
5702,FAKE
1040,REAL
1191,FAKE
7659,FAKE
3446,REAL
1639,REAL
556,REAL
2670,REAL
2318,REAL
9220,FAKE
3149,FAKE
5257,FAKE
9161,REAL
9149,REAL
1856,REAL
3543,FAKE
7257,REAL
8291,FAKE
9349,FAKE
4017,FAKE
8967,FAKE
6144,FAKE
8603,REAL
220,REAL
7851,REAL
5090,REAL
3725,REAL
9451,FAKE
8807,REAL
2666,REAL
3172,FAKE
782,REAL
1317,REAL
5756,FAKE
8897,FAKE
8022,REAL
4238,REAL
2886,REAL
2348,FAKE
3753,REAL
6232,FAKE
7149,REAL
6668,FAKE
5873,REAL
3383,FAKE
10553,REAL
574,FAKE
10112,FAKE
5950,REAL
2667,FAKE
39,FAKE
4612,REAL
6292,REAL
3169,REAL
7682,FAKE
4969,REAL
2630,REAL
7679,FAKE
6779,FAKE
6869,FAKE
9445,REAL
4295,REAL
374,REAL
10182,REAL
4345,FAKE
9792,FAKE
2224,REAL
4008,REAL
4897,REAL
398,REAL
7035,FAKE
8893,REAL
9323,FAKE
7176,FAKE
474,FAKE
2379,REAL
1160,FAKE
6710,FAKE
4753,REAL
9045,REAL
1824,REAL
9922,REAL
8793,FAKE
1234,REAL
1256,FAKE
7974,FAKE
6898,FAKE
9091,REAL
8308,REAL
7539,REAL
243,REAL
7496,REAL
4624,REAL
2520,FAKE
9298,REAL
2391,REAL
7301,REAL
7250,REAL
10477,FAKE
4926,REAL
8008,REAL
3244,REAL
9436,REAL
9106,FAKE
7887,FAKE
7120,FAKE
7978,FAKE
2827,REAL
8529,FAKE
8126,REAL
3511,REAL
1788,FAKE
2940,FAKE
7683,FAKE
4420,FAKE
8991,FAKE
6922,FAKE
3122,REAL
2101,REAL
88,REAL
5409,FAKE
5376,FAKE
319,REAL
3068,REAL
3028,REAL
6099,FAKE
6088,FAKE
3732,REAL
9627,FAKE
7358,REAL
2718,FAKE
8580,REAL
4801,FAKE
8365,REAL
8361,FAKE
3531,REAL
7923,REAL
9208,FAKE
630,REAL
1971,REAL
4444,REAL
9599,FAKE
2984,REAL
1830,REAL
8198,REAL
4520,REAL
2555,REAL
5792,FAKE
10311,FAKE
3952,FAKE
3431,REAL
949,REAL
37,REAL
19,REAL
3187,REAL
5299,FAKE
10222,REAL
1703,FAKE
10440,REAL
1725,REAL
2105,REAL
5781,REAL
10163,FAKE
411,REAL
5972,FAKE
1647,REAL
10064,FAKE
3800,FAKE
2246,REAL
10480,FAKE
5372,REAL
8865,FAKE
5759,FAKE
1859,REAL
6051,REAL
4604,REAL
5443,FAKE
8176,FAKE
9831,REAL
430,REAL
709,REAL
765,REAL
8333,REAL
5620,FAKE
3157,REAL
8585,FAKE
190,REAL
786,REAL
6759,FAKE
2702,FAKE
6979,FAKE
5403,FAKE
3719,REAL
6807,FAKE
6282,REAL
4828,FAKE
7689,FAKE
1258,FAKE
8047,FAKE
1316,REAL
5077,FAKE
9649,FAKE
7618,FAKE
6370,FAKE
5076,FAKE
2409,REAL
9513,REAL
9672,FAKE
2454,REAL
289,REAL
3617,REAL
644,REAL
1314,REAL
3176,FAKE
9355,REAL
5517,FAKE
3283,REAL
5559,FAKE
3620,REAL
2568,FAKE
9127,REAL
8680,REAL
4607,REAL
4836,REAL
7479,REAL
8662,FAKE
6023,REAL
6401,REAL
4435,REAL
6800,FAKE
5046,REAL
7619,FAKE
5897,FAKE
2114,REAL
7477,REAL
10465,FAKE
1395,REAL
10495,REAL
6817,FAKE
4564,REAL
9906,FAKE
4857,FAKE
9017,FAKE
1632,REAL
2694,REAL
573,FAKE
8262,REAL
7143,FAKE
1401,REAL
6782,REAL
3674,REAL
2,REAL
6444,FAKE
4064,REAL
6250,FAKE
813,REAL
6931,FAKE
2061,FAKE
9452,FAKE
1815,REAL
9374,REAL
2756,FAKE
10430,FAKE
9670,REAL
7450,REAL
1995,REAL
2933,FAKE
3973,FAKE
9315,FAKE
1378,FAKE
9658,REAL
7976,FAKE
4035,FAKE
5110,REAL
6846,FAKE
1844,REAL
6305,REAL
1144,REAL
9240,FAKE
8667,REAL
7329,FAKE
5333,REAL
4389,FAKE
2594,REAL
6108,FAKE
1678,REAL
3857,REAL
6773,FAKE
1575,REAL
2970,REAL
195,REAL
7926,FAKE
6827,FAKE
7594,REAL
3815,FAKE
8843,REAL
2944,FAKE
1282,REAL
8447,FAKE
1658,REAL
7334,FAKE
8481,FAKE
3824,REAL
4288,FAKE
5698,REAL
8947,FAKE
7286,REAL
1302,REAL
10491,FAKE
7896,FAKE
9459,FAKE
5633,REAL
6823,FAKE
2212,FAKE
2299,REAL
4007,FAKE
5353,REAL
8746,REAL
886,REAL
7568,FAKE
9224,FAKE
9442,REAL
6630,REAL
559,FAKE
1739,FAKE
3296,REAL
7770,FAKE
4941,REAL
2383,REAL
9236,REAL
631,REAL
9515,FAKE
8209,FAKE
341,REAL
9159,FAKE
3491,REAL
5412,FAKE
9430,FAKE
7321,REAL
7726,REAL
1584,REAL
4677,REAL
5181,REAL
2982,FAKE
9700,FAKE
2936,FAKE
4140,FAKE
9467,FAKE
9255,REAL
6867,REAL
7514,REAL
9225,REAL
4156,FAKE
3025,REAL
428,FAKE
1696,REAL
1372,REAL
2324,REAL
9558,FAKE
7122,FAKE
6930,REAL
8734,FAKE
4458,FAKE
10245,REAL
5806,FAKE
7230,FAKE
3405,FAKE
6751,REAL
3464,REAL
4209,REAL
4249,FAKE
1888,REAL
8434,FAKE
1496,REAL
5523,FAKE
6298,REAL
5167,REAL
3047,REAL
2294,REAL
6385,FAKE
4028,FAKE
635,REAL
9476,REAL
2227,FAKE
5746,FAKE
5627,REAL
5584,REAL
9946,REAL
8586,FAKE
4644,REAL
3596,FAKE
10072,FAKE
549,REAL
910,FAKE
6554,FAKE
8700,REAL
3110,REAL
4474,REAL
3492,REAL
1587,FAKE
311,FAKE
1346,FAKE
7734,FAKE
1362,REAL
5418,REAL
461,FAKE
560,FAKE
7464,FAKE
132,REAL
10055,FAKE
8566,FAKE
8826,FAKE
7959,FAKE
1758,FAKE
10542,FAKE
5993,REAL
7307,FAKE
10148,FAKE
3344,REAL
1863,REAL
5324,FAKE
7531,REAL
8158,REAL
8593,REAL
5191,REAL
282,FAKE
4821,FAKE
5902,FAKE
5886,FAKE
2033,REAL
4557,FAKE
238,FAKE
6628,REAL
1674,REAL
5086,REAL
6373,FAKE
5834,REAL
473,FAKE
6520,FAKE
4598,FAKE
76,REAL
4041,FAKE
4094,REAL
10022,REAL
9380,REAL
5204,REAL
7897,FAKE
10497,REAL
10240,FAKE
7555,FAKE
5024,REAL
7784,FAKE
8535,FAKE
10322,FAKE
4127,REAL
8864,FAKE
4832,FAKE
7518,REAL
8665,FAKE
3319,REAL
8156,FAKE
904,FAKE
4442,FAKE
4578,REAL
6036,FAKE
1253,REAL
8946,FAKE
10032,FAKE
1367,REAL
6096,FAKE
1430,REAL
707,REAL
4646,REAL
279,REAL
7941,FAKE
9470,FAKE
2459,REAL
8857,REAL
6866,FAKE
3191,FAKE
1149,FAKE
8659,REAL
9862,FAKE
2875,FAKE
1704,REAL
9082,FAKE
5910,FAKE
3479,REAL
9490,FAKE
6847,FAKE
4809,REAL
6193,FAKE
5884,FAKE
3379,FAKE
9272,FAKE
595,REAL
8464,FAKE
3473,FAKE
3286,REAL
8165,FAKE
3984,FAKE
5494,FAKE
7273,FAKE
1268,FAKE
10160,FAKE
8228,REAL
3053,REAL
3649,FAKE
395,REAL
254,FAKE
388,REAL
4057,FAKE
122,REAL
8565,FAKE
7287,FAKE
799,REAL
6052,REAL
1493,REAL
5300,FAKE
8661,FAKE
1814,REAL
4098,REAL
8542,FAKE
1057,FAKE
296,FAKE
8500,FAKE
8270,FAKE
1163,REAL
7884,FAKE
6629,REAL
1391,FAKE
444,FAKE
5913,FAKE
7773,FAKE
9530,REAL
8870,REAL
744,FAKE
7806,REAL
8362,REAL
4839,REAL
955,REAL
6368,FAKE
10505,FAKE
823,REAL
10392,FAKE
616,REAL
9465,REAL
5001,FAKE
5923,FAKE
9651,FAKE
2671,REAL
3020,REAL
2548,REAL
4507,FAKE
176,FAKE
2322,REAL
1387,REAL
8199,REAL
7772,FAKE
5721,FAKE
8433,FAKE
9167,REAL
8571,FAKE
1827,REAL
10075,FAKE
1076,FAKE
594,REAL
2495,FAKE
9331,FAKE
10140,FAKE
8880,FAKE
7585,FAKE
8768,REAL
968,REAL
5805,FAKE
2450,REAL
10325,FAKE
78,REAL
8131,REAL
10380,FAKE
2494,REAL
349,FAKE
2575,FAKE
6231,FAKE
6026,REAL
5157,FAKE
6946,FAKE
2446,REAL
2925,FAKE
1068,REAL
2416,REAL
8930,REAL
7168,REAL
5797,FAKE
498,REAL
9882,REAL
10074,REAL
10229,FAKE
8164,REAL
4960,REAL
5022,REAL
6565,FAKE
8286,REAL
8030,REAL
10447,REAL
4252,FAKE
3541,FAKE
2808,REAL
2455,REAL
9248,FAKE
1709,REAL
732,REAL
7717,REAL
6652,FAKE
2236,REAL
6691,REAL
8189,REAL
2201,REAL
5453,FAKE
5424,FAKE
5594,REAL
6056,FAKE
7,REAL
8295,FAKE
3448,REAL
7721,FAKE
2552,REAL
1073,REAL
1862,REAL
5441,REAL
9387,REAL
6536,REAL
5033,FAKE
5342,FAKE
1841,REAL
1136,REAL
6189,FAKE
3129,REAL
1336,REAL
7457,REAL
6302,FAKE
9115,FAKE
7876,FAKE
5166,REAL
4290,FAKE
9919,FAKE
9691,FAKE
4336,FAKE
7614,FAKE
5108,REAL
7060,FAKE
7056,FAKE
6045,FAKE
8379,FAKE
1795,REAL
9975,REAL
4628,REAL
4125,REAL
6116,REAL
4152,FAKE
7889,REAL
1813,REAL
4885,REAL
5071,REAL
5952,FAKE
6021,REAL
7159,REAL
6569,REAL
2637,REAL
6374,FAKE
1267,REAL
7725,FAKE
3266,REAL
895,REAL
2020,REAL
2512,REAL
3346,REAL
1750,REAL
1400,REAL
3663,FAKE
5137,FAKE
10463,REAL
7937,FAKE
5382,REAL
8964,FAKE
5823,FAKE
3404,REAL
9094,FAKE
125,REAL
2641,REAL
4614,FAKE
2245,REAL
5998,FAKE
8017,REAL
5761,FAKE
7802,REAL
3033,REAL
8792,FAKE
3849,REAL
7521,FAKE
10100,FAKE
2608,FAKE
9245,FAKE
5953,FAKE
4978,REAL
2191,FAKE
5916,REAL
7323,REAL
4525,REAL
3956,FAKE
1307,REAL
338,REAL
6127,FAKE
4333,FAKE
2225,FAKE
9885,FAKE
10063,FAKE
6284,FAKE
9556,FAKE
872,REAL
6228,FAKE
745,REAL
1692,REAL
1404,REAL
4310,REAL
5611,FAKE
9813,REAL
2613,FAKE
2055,REAL
9656,FAKE
8811,FAKE
8503,REAL
6789,FAKE
5390,REAL
7749,FAKE
4108,REAL
4902,REAL
6868,FAKE
9260,FAKE
4502,FAKE
3970,FAKE
4121,FAKE
8432,FAKE
4036,REAL
5504,FAKE
8426,FAKE
5179,REAL
4882,FAKE
2262,REAL
1646,FAKE
4488,FAKE
301,REAL
3838,FAKE
6450,FAKE
3587,FAKE
1866,REAL
2752,REAL
7655,REAL
7188,FAKE
4189,REAL
4555,REAL
7855,FAKE
6741,REAL
6355,REAL
9842,REAL
4863,FAKE
5360,FAKE
3185,FAKE
1637,FAKE
9059,REAL
8218,FAKE
3646,FAKE
5338,REAL
3787,FAKE
7899,FAKE
2720,REAL
6365,FAKE
2071,REAL
6151,FAKE
3377,REAL
10494,FAKE
9713,FAKE
7009,FAKE
5037,REAL
5632,FAKE
4649,FAKE
9772,FAKE
278,REAL
10312,FAKE
7675,FAKE
6839,FAKE
5709,REAL
5130,REAL
6187,FAKE
7107,FAKE
7162,FAKE
9725,FAKE
1896,REAL
8107,FAKE
5314,FAKE
9417,REAL
1390,FAKE
3458,REAL
673,REAL
6438,FAKE
8579,FAKE
9836,FAKE
7085,FAKE
4847,FAKE
4927,REAL
5736,REAL
10413,REAL
5597,FAKE
4037,FAKE
8231,FAKE
2193,REAL
2830,REAL
2819,REAL
8410,FAKE
8253,FAKE
6983,REAL
9423,FAKE
724,REAL
7043,FAKE
3658,FAKE
10015,REAL
5531,FAKE
6360,REAL
5481,FAKE
8835,REAL
10486,FAKE
10181,REAL
5601,REAL
3520,FAKE
4499,REAL
5231,REAL
7116,REAL
10517,REAL
5389,FAKE
153,REAL
2484,REAL
3166,REAL
1736,REAL
5766,REAL
3335,FAKE
3976,REAL
4530,REAL
210,FAKE
2561,FAKE
453,FAKE
9598,REAL
9187,FAKE
2410,REAL
6699,REAL
7627,FAKE
4487,FAKE
4716,REAL
1003,REAL
5801,FAKE
7931,REAL
977,REAL
2572,FAKE
8855,REAL
7932,REAL
3007,FAKE
5833,FAKE
1290,REAL
522,FAKE
9759,FAKE
9832,FAKE
7005,FAKE
6300,FAKE
4634,REAL
7638,REAL
142,REAL
8613,REAL
9901,FAKE
5168,FAKE
10045,FAKE
9542,FAKE
2794,REAL
7171,FAKE
2043,REAL
9887,FAKE
7475,FAKE
7836,FAKE
5425,REAL
8900,FAKE
6849,REAL
483,FAKE
4613,REAL
7182,FAKE
8859,REAL
2749,REAL
5406,REAL
7570,FAKE
8904,REAL
5016,FAKE
2001,REAL
9721,REAL
258,REAL
8582,FAKE
4694,FAKE
9925,FAKE
10157,REAL
9325,FAKE
1300,REAL
5391,FAKE
8141,FAKE
5454,FAKE
8694,FAKE
8053,FAKE
3050,FAKE
9377,FAKE
8293,REAL
7008,FAKE
989,FAKE
6713,FAKE
1743,REAL
5574,FAKE
1257,FAKE
2279,REAL
10086,FAKE
2993,FAKE
6935,FAKE
3839,FAKE
4227,REAL
2799,REAL
8350,REAL
515,REAL
8808,FAKE
2249,REAL
7082,FAKE
3013,FAKE
3388,REAL
4655,REAL
9817,FAKE
7900,REAL
2776,REAL
340,REAL
359,REAL
7759,FAKE
2733,REAL
8757,REAL
9218,REAL
1542,FAKE
4799,REAL
10289,FAKE
9727,FAKE
9621,FAKE
9695,FAKE
7437,FAKE
10417,FAKE
6457,REAL
7030,FAKE
9013,FAKE
9509,FAKE
3825,REAL
4515,FAKE
2747,REAL
6516,FAKE
9636,FAKE
7398,REAL
3717,REAL
5205,FAKE
6696,FAKE
7991,FAKE
1303,FAKE
9051,REAL
10200,FAKE
10009,FAKE
4214,REAL
2316,REAL
8411,FAKE
6143,FAKE
3262,REAL
9337,FAKE
8737,FAKE
4490,REAL
8062,FAKE
8622,FAKE
4021,FAKE
4330,FAKE
